id,标题,成文或生成日期,发布或生效日期,来源,URL源地址,内容
2,区委书记张延杰对政协调研视察报告作出批示,2018-12-29,2018-12-29,伊春-友好日报,http://www.yhq.gov.cn/yhqrmzf/c100050/201812/19092.shtml,
3,市委宣讲团走进友好区作主题宣讲报告会,2018-12-29,2018-12-29,伊春-友好日报,http://www.yhq.gov.cn/yhqrmzf/c100050/201812/19091.shtml,
4,友好区在冰雪欢乐季举办“百万青少年上冰雪”活动,2018-12-28,2018-12-28,伊春-友好日报,http://www.yhq.gov.cn/yhqrmzf/c100050/201812/19090.shtml,
5,区委书记张延杰主持召开区委十九届35次常委（扩大）会议,2018-12-28,2018-12-28,伊春-友好日报,http://www.yhq.gov.cn/yhqrmzf/c100050/201812/19089.shtml,
6,友好区离退休干部党工委召开解放思想推动高发展大质量讨论动员部署会议,2018-12-27,2018-12-27,伊春-友好日报,http://www.yhq.gov.cn/yhqrmzf/c100050/201812/19088.shtml,
7,友好区召开“向人民报告请人民监督” 公开述职报告会,2018-12-27,2018-12-27,伊春-友好日报,http://www.yhq.gov.cn/yhqrmzf/c100050/201812/19087.shtml,
8,友好区“欢乐冰雪节”盛大启幕,2018-12-25,2018-12-25,伊春-友好日报,http://www.yhq.gov.cn/yhqrmzf/c100050/201812/19086.shtml,
9,区政协部署在政协机关和全体委员中开展解放思想推动高质量发展大讨论活动,2018-12-24,2018-12-24,伊春-友好日报,http://www.yhq.gov.cn/yhqrmzf/c100050/201812/19085.shtml,
10,友好区政协召开十届六次常委会议,2018-12-21,2018-12-21,伊春-友好日报,http://www.yhq.gov.cn/yhqrmzf/c100050/201812/19084.shtml,
11,友好区组织收听收看全省农村厕所改造推进工作电视电话会议,2018-12-21,2018-12-21,伊春-友好日报,http://www.yhq.gov.cn/yhqrmzf/c100050/201812/19083.shtml,
12,区委书记张延杰为党建联系点党员干部进行专题党课辅导,2018-12-20,2018-12-20,伊春-友好日报,http://www.yhq.gov.cn/yhqrmzf/c100050/201812/19082.shtml,
13,我区组织收听收看庆祝改革开放40周年大会实况,2018-12-20,2018-12-20,伊春-友好日报,http://www.yhq.gov.cn/yhqrmzf/c100050/201812/19081.shtml,
14, 友好区农业局召开解放思想推动高质量发展大讨论动员会,2018-12-17,2018-12-17,伊春-友好日报,http://www.yhq.gov.cn/yhqrmzf/c100050/201812/19079.shtml,
15, 友好区公路管理处做好“十防”保安全,2018-12-13,2018-12-13,伊春-友好日报,http://www.yhq.gov.cn/yhqrmzf/c100050/201812/19078.shtml,
16,伊春市坚决打好碧水保卫战,2018-12-12,2018-12-12,伊春-友好日报,http://www.yhq.gov.cn/yhqrmzf/c100050/201812/19077.shtml,
17,全市安全生产、社会稳定和冬季防火工作会议召开,2018-12-12,2018-12-12,伊春-友好日报,http://www.yhq.gov.cn/yhqrmzf/c100050/201812/19076.shtml,
18,首届“大箐山杯”雪地马拉松自行车挑战赛开赛,2018-12-11,2018-12-11,伊春-友好日报,http://www.yhq.gov.cn/yhqrmzf/c100050/201812/19075.shtml,
19, 东卡林场召开解放思想推动高质量发展大讨论会议,2018-12-10,2018-12-10,伊春-友好日报,http://www.yhq.gov.cn/yhqrmzf/c100050/201812/19074.shtml,
20,区妇联开展巾帼志愿服务日活动,2018-12-07,2018-12-07,伊春-友好日报,http://www.yhq.gov.cn/yhqrmzf/c100050/201812/19073.shtml,
21,伊春市进一步加强秸秆禁烧工作,2018-12-07,2018-12-07,伊春-友好日报,http://www.yhq.gov.cn/yhqrmzf/c100050/201812/19072.shtml,
22,生态环境督察“回头看”国际志愿者日志愿者在行动,2018-12-06,2018-12-06,伊春-友好日报,http://www.yhq.gov.cn/yhqrmzf/c100050/201812/19071.shtml,
23,区委书记张延杰主持召开区委十九届33次常委（扩大）会议,2018-12-06,2018-12-06,伊春-友好日报,http://www.yhq.gov.cn/yhqrmzf/c100050/201812/19070.shtml,
24,黑龙江省召开紧急视频会议部署非洲猪瘟防控工作,2018-12-05,2018-12-05,伊春-友好日报,http://www.yhq.gov.cn/yhqrmzf/c100050/201812/19069.shtml,
25,友好区开展“12.4”国家宪法宣传日活动,2018-12-04,2018-12-04,伊春-友好日报,http://www.yhq.gov.cn/yhqrmzf/c100050/201812/19068.shtml,
26,友好区文体支部召开解放思想推动高质量发展大讨论动员会,2018-12-03,2018-12-03,伊春-友好日报,http://www.yhq.gov.cn/yhqrmzf/c100050/201812/19067.shtml,
27,友好区召开解放思想推动高质量发展大讨论动员部署会议,2018-11-26,2018-11-26,伊春-友好日报,http://www.yhq.gov.cn/yhqrmzf/c100050/201811/19066.shtml,
28,区物业管理服务中心彻底清除小区路面冰雪,2018-11-23,2018-11-23,伊春-友好日报,http://www.yhq.gov.cn/yhqrmzf/c100050/201811/19065.shtml,
29,我区组织收听收看全市宣传思想工作会议,2018-11-20,2018-11-20,伊春-友好日报,http://www.yhq.gov.cn/yhqrmzf/c100050/201811/19064.shtml,
30,我区组织收听收看全市解放思想推动高质量发展大讨论动员部署会议,2018-11-20,2018-11-20,伊春-友好日报,http://www.yhq.gov.cn/yhqrmzf/c100050/201811/19063.shtml,
31,我区组织收听收看全省深化机关作风整顿优化营商环境警示教育大会,2018-11-19,2018-11-19,伊春-友好日报,http://www.yhq.gov.cn/yhqrmzf/c100050/201811/19062.shtml,
32,区委副书记、区（局）长吴伊森调研我区工业企业,2018-11-19,2018-11-19,伊春-友好日报,http://www.yhq.gov.cn/yhqrmzf/c100050/201811/19061.shtml,
33,友好区组织收听收看学习贯彻习近平总书记重要讲话和重要指示精神省委宣讲团伊春报告会,2018-11-15,2018-11-15,伊春-友好日报,http://www.yhq.gov.cn/yhqrmzf/c100050/201811/19060.shtml,
34,友好区着力提升党建科学化水平,2018-11-14,2018-11-14,伊春-友好日报,http://www.yhq.gov.cn/yhqrmzf/c100050/201811/19059.shtml,
35,友好区第一中学召开中国少年先锋队第一次代表大会,2018-11-12,2018-11-12,伊春-友好日报,http://www.yhq.gov.cn/yhqrmzf/c100050/201811/19058.shtml,
36,友好三中组织开展消防灭火疏散实战演练及消防安全知识讲座,2018-11-12,2018-11-12,伊春-友好日报,http://www.yhq.gov.cn/yhqrmzf/c100050/201811/19057.shtml,
37,学习贯彻中国工会十七大精神 开创友好工会工作新局面,2018-11-12,2018-11-12,伊春-友好日报,http://www.yhq.gov.cn/yhqrmzf/c100050/201811/19056.shtml,
38,友好区供热办全体党员干部集中组织收看 《囹圄之路》专题片,2018-11-09,2018-11-09,伊春-友好日报,http://www.yhq.gov.cn/yhqrmzf/c100050/201811/19055.shtml,
39,友好区政府幼儿园“家园共育 心手相连”教学观摩课活动,2018-11-06,2018-11-06,伊春-友好日报,http://www.yhq.gov.cn/yhqrmzf/c100050/201811/19054.shtml,
40,友好区区委书记张延杰主持召开区委十九届32次常委（扩大）会议,2018-11-02,2018-11-02,伊春-友好日报,http://www.yhq.gov.cn/yhqrmzf/c100050/201811/19053.shtml,
41,友好区召开扫黑除恶专项斗争领导小组工作会议,2018-10-30,2018-10-30,伊春-友好日报,http://www.yhq.gov.cn/yhqrmzf/c100050/201810/19052.shtml,
42,伊春市人才专家服务团到我区曙光村、人才驿站、电商创业中心开展技术服务指导工作,2018-10-30,2018-10-30,伊春-友好日报,http://www.yhq.gov.cn/yhqrmzf/c100050/201810/19051.shtml,
43,友好区嘉兴热电厂锅炉改扩建工程顺利点火,2018-10-29,2018-10-29,伊春-友好日报,http://www.yhq.gov.cn/yhqrmzf/c100050/201810/19050.shtml,
44,友好区凝心聚力脱贫攻坚,2018-10-26,2018-10-26,伊春-友好日报,http://www.yhq.gov.cn/yhqrmzf/c100050/201810/19049.shtml,
45,区委书记张延杰到区供热办检查指导工作,2018-10-26,2018-10-26,伊春-友好日报,http://www.yhq.gov.cn/yhqrmzf/c100050/201810/19048.shtml,
46,友好区第一中学剪纸活动课剪影,2018-10-25,2018-10-25,伊春-友好日报,http://www.yhq.gov.cn/yhqrmzf/c100050/201810/19047.shtml,
47,友好区召开全区基层党建工作会议,2018-10-24,2018-10-24,伊春-友好日报,http://www.yhq.gov.cn/yhqrmzf/c100050/201810/19046.shtml,
48,黑龙江伊春森工集团有限责任公司挂牌成立,2018-10-23,2018-10-23,伊春-友好日报,http://www.yhq.gov.cn/yhqrmzf/c100050/201810/19045.shtml,
49,区政协副主席王丽宏视察社区医疗卫生情况,2018-10-22,2018-10-22,伊春-友好日报,http://www.yhq.gov.cn/yhqrmzf/c100050/201810/19044.shtml,
50,友好区召开信访工作联席会议,2018-10-22,2018-10-22,伊春-友好日报,http://www.yhq.gov.cn/yhqrmzf/c100050/201810/19043.shtml,
51,区委书记张延杰现场检查指导森林防火、野生动物保护等工作,2018-10-19,2018-10-19,伊春-友好日报,http://www.yhq.gov.cn/yhqrmzf/c100050/201810/19042.shtml,
52,友好区举行“送欢笑下基层”•文化志愿 “重阳节”慰问演出,2018-10-19,2018-10-19,伊春-友好日报,http://www.yhq.gov.cn/yhqrmzf/c100050/201810/19041.shtml,
53,区委副书记、政法委书记孙彦全看望慰问帮扶对象,2018-10-18,2018-10-18,伊春-友好日报,http://www.yhq.gov.cn/yhqrmzf/c100050/201810/19040.shtml,
54,区委副书记、区（局）长吴伊森到我区青山村、康乐养老院看望慰问脱贫家庭和敬老院老人,2018-10-18,2018-10-18,伊春-友好日报,http://www.yhq.gov.cn/yhqrmzf/c100050/201810/19039.shtml,
55,区委书记张延杰到我区青山村、和平老年公寓看望慰问脱贫家庭和敬老院老人,2018-10-18,2018-10-18,伊春-友好日报,http://www.yhq.gov.cn/yhqrmzf/c100050/201810/19038.shtml,
56,区委书记张延杰主持召开区委十九届31次常委（扩大）会议,2018-10-17,2018-10-17,伊春-友好日报,http://www.yhq.gov.cn/yhqrmzf/c100050/201810/19037.shtml,
57,友好区各界收听收看央视财经频道《魅力中国城•伊春VS崇左》第二季第二轮竞演,2018-10-16,2018-10-16,伊春-友好日报,http://www.yhq.gov.cn/yhqrmzf/c100050/201810/19036.shtml,
58,我区召开第四次全国经济普查动员暨培训会议,2018-10-15,2018-10-15,伊春-友好日报,http://www.yhq.gov.cn/yhqrmzf/c100050/201810/19035.shtml,
59,以讲话精神为指引 全力建设美丽友好——访友好区委书记张延杰,2018-10-11,2018-10-11,伊春-友好日报,http://www.yhq.gov.cn/yhqrmzf/c100050/201810/19034.shtml,
60,区委副书记、区（局）长吴伊森深入林场检查秋季森林防火和野生动物保护工作,2018-10-09,2018-10-09,伊春-友好日报,http://www.yhq.gov.cn/yhqrmzf/c100050/201810/19033.shtml,
61,我区举办“祝福祖国”暨“迎国庆” 专场文艺演出,2018-10-01,2018-10-01,伊春-友好日报,http://www.yhq.gov.cn/yhqrmzf/c100050/201810/19032.shtml,
62,先锋社区党建联盟举办“圆梦中华迎国庆、不忘初心跨征程”文艺演出,2018-09-30,2018-09-30,伊春-友好日报,http://www.yhq.gov.cn/yhqrmzf/c100050/201809/19031.shtml,
63,友好区嘉兴热电厂锅炉改扩建工程本体注水打压一次成功,2018-09-30,2018-09-30,伊春-友好日报,http://www.yhq.gov.cn/yhqrmzf/c100050/201809/19030.shtml,
64,友好区组织集中收听收看习近平总书记到东三省考察的新闻报道,2018-09-29,2018-09-29,伊春-友好日报,http://www.yhq.gov.cn/yhqrmzf/c100050/201809/19029.shtml,
65,友好区人民政府与华能伊春热电有限公司签订供热委托经营协议,2018-09-28,2018-09-28,伊春-友好日报,http://www.yhq.gov.cn/yhqrmzf/c100050/201809/19028.shtml,
66,友好工商分局开展打击非法捕捉野生林蛙专项行动,2018-09-27,2018-09-27,伊春-友好日报,http://www.yhq.gov.cn/yhqrmzf/c100050/201809/19027.shtml,
67,友好区举办“兴安枫叶红 今秋月正圆”我们的节日中秋专场文艺演出,2018-09-24,2018-09-24,伊春-友好日报,http://www.yhq.gov.cn/yhqrmzf/c100050/201809/19026.shtml,
68,铁兴社区开展中秋节“送温暖、献爱心” “城市党建联盟”活动,2018-09-21,2018-09-21,伊春-友好日报,http://www.yhq.gov.cn/yhqrmzf/c100050/201809/19025.shtml,
69,友好区第一小学网络宣传周活动,2018-09-20,2018-09-20,伊春-友好日报,http://www.yhq.gov.cn/yhqrmzf/c100050/201809/19024.shtml,
70,2018年黑龙江省网络安全宣传周活动即将开启,2018-09-17,2018-09-17,伊春-友好日报,http://www.yhq.gov.cn/yhqrmzf/c100050/201809/19023.shtml,
71,市人大调研组到我区调研供热改扩建项目建设情况,2018-09-13,2018-09-13,伊春-友好日报,http://www.yhq.gov.cn/yhqrmzf/c100050/201809/19022.shtml,
72,区委书记张延杰主持召开区委十九届30次常委（扩大）会议,2018-09-12,2018-09-12,伊春-友好日报,http://www.yhq.gov.cn/yhqrmzf/c100050/201809/19021.shtml,
73,国家档案局局长、中央档案馆馆长李明华 一行莅临友好区调研视察档案工作,2018-09-11,2018-09-11,伊春-友好日报,http://www.yhq.gov.cn/yhqrmzf/c100050/201809/19020.shtml,
74,区政协主席陈清林教师节前走访慰问退休老教育工作者代表,2018-09-11,2018-09-11,伊春-友好日报,http://www.yhq.gov.cn/yhqrmzf/c100050/201809/19019.shtml,
75,区人大常委会主任徐宝林教师节前走访慰问退休教师代表,2018-09-11,2018-09-11,伊春-友好日报,http://www.yhq.gov.cn/yhqrmzf/c100050/201809/19018.shtml,
76,区委副书记、区（局）长吴伊森教师节前到区第一中学慰问调研,2018-09-10,2018-09-10,伊春-友好日报,http://www.yhq.gov.cn/yhqrmzf/c100050/201809/19017.shtml,
77,区委书记张延杰教师节前到区第三中学慰问调研,2018-09-10,2018-09-10,伊春-友好日报,http://www.yhq.gov.cn/yhqrmzf/c100050/201809/19016.shtml,
78,我区召开市委第二扶贫专项巡察组巡察友好区委情况反馈会议,2018-09-07,2018-09-07,伊春-友好日报,http://www.yhq.gov.cn/yhqrmzf/c100050/201809/19015.shtml,
79,友好区召开2018年度定兵会议,2018-09-06,2018-09-06,伊春-友好日报,http://www.yhq.gov.cn/yhqrmzf/c100050/201809/19014.shtml,
80,市直属机关首届职工运动会在林都体育场隆重举行,2018-09-04,2018-09-04,伊春-友好日报,http://www.yhq.gov.cn/yhqrmzf/c100050/201809/19013.shtml,
81,我区组织收听收看2018年度“林都讲坛”第四场网络安全管理报告会,2018-09-03,2018-09-03,伊春-友好日报,http://www.yhq.gov.cn/yhqrmzf/c100050/201809/19012.shtml,
82,区委书记张延杰主持召开区委十九届29次常委（扩大）会议,2018-08-31,2018-08-31,伊春-友好日报,http://www.yhq.gov.cn/yhqrmzf/c100050/201808/19011.shtml,
83,友好区第七届“绿城杯”青年篮球邀请赛总决赛暨颁奖仪式圆满落幕,2018-08-29,2018-08-29,伊春-友好日报,http://www.yhq.gov.cn/yhqrmzf/c100050/201808/19010.shtml,
84,"“群众办事百项堵点疏解行动”第五季,你来投票，政府来解决！",2018-08-28,2018-08-28,伊春-友好日报,http://toupiao.www.gov.cn/100dudian/index.htm,
85,友好区召开重点工作和招商引资工作推进会,2018-08-27,2018-08-27,伊春-友好日报,http://www.yhq.gov.cn/yhqrmzf/c100050/201808/19008.shtml,
86,省人大组织省人大代表到友好区蓝莓产业园调研工作,2018-08-24,2018-08-24,伊春-友好日报,http://www.yhq.gov.cn/yhqrmzf/c100050/201808/19007.shtml,
87,区委书记张延杰到嘉兴热电厂检查指导供热改扩建项目建设工作,2018-08-22,2018-08-22,伊春-友好日报,http://www.yhq.gov.cn/yhqrmzf/c100050/201808/19006.shtml,
88,"友好人才驿站举办""紫冠、红冠""油豆角推介会",2018-08-20,2018-08-20,伊春-友好日报,http://www.yhq.gov.cn/yhqrmzf/c100050/201808/19005.shtml,
89,友好区总工会举办全区第十三届职工排球赛,2018-08-18,2018-08-18,伊春-友好日报,http://www.yhq.gov.cn/yhqrmzf/c100050/201808/19004.shtml,
90,友好人才驿站举办中会红松资源开发利用研究院松针系列化妆产品推介会,2018-08-17,2018-08-17,伊春-友好日报,http://www.yhq.gov.cn/yhqrmzf/c100050/201808/19003.shtml,
91,友好区举办“纪念伊春林区开发建设70年、建市60周年主题宣讲报告会”,2018-08-16,2018-08-16,伊春-友好日报,http://www.yhq.gov.cn/yhqrmzf/c100050/201808/19002.shtml,
92,友好区举行政协委员爱心捐赠活动,2018-08-16,2018-08-16,伊春-友好日报,http://www.yhq.gov.cn/yhqrmzf/c100050/201808/19001.shtml,
93,友好区政协召开十届五次常委会议,2018-08-15,2018-08-15,伊春-友好日报,http://www.yhq.gov.cn/yhqrmzf/c100050/201808/19000.shtml,
94,区委副书记、区（局）长吴伊森调研检查全区部分老旧供热管线改造和居民分户供暖工作,2018-08-14,2018-08-14,伊春-友好日报,http://www.yhq.gov.cn/yhqrmzf/c100050/201808/18999.shtml,
95,"“群众办事百项堵点疏解行动”第四季,你来投票，政府来解决！",2018-08-10,2018-08-10,伊春-友好日报,http://toupiao.www.gov.cn/100dudian/index.htm,
96,友好区举办2018“蓝丽之约” 全民健身操展演,2018-08-09,2018-08-09,伊春-友好日报,http://www.yhq.gov.cn/yhqrmzf/c100050/201808/18997.shtml,
97,区委书记张延杰对政协工作作出批示,2018-08-07,2018-08-07,伊春-友好日报,http://www.yhq.gov.cn/yhqrmzf/c100050/201808/18996.shtml,
98,友好区政协举办“情系寒门骄子 爱心成就梦想”助力精准扶贫捐资助学仪式,2018-08-06,2018-08-06,伊春-友好日报,http://www.yhq.gov.cn/yhqrmzf/c100050/201808/18995.shtml,
99,友好区举办“蓝莓飘四海 军民鱼水情——庆祝建军91周年专场文艺演出”,2018-08-03,2018-08-03,伊春-友好日报,http://www.yhq.gov.cn/yhqrmzf/c100050/201808/18994.shtml,
100,我区召开“伊春市首届小浆果（蓝莓）产业论坛”,2018-08-02,2018-08-02,伊春-友好日报,http://www.yhq.gov.cn/yhqrmzf/c100050/201808/18993.shtml,
101,区委副书记、区（局）长吴伊森在“八一”前夕到伊春市公安消防支队走访慰问,2018-08-01,2018-08-01,伊春-友好日报,http://www.yhq.gov.cn/yhqrmzf/c100050/201808/18992.shtml,
102,区委书记张延杰在“八一”前夕到区消防大队走访慰问,2018-08-01,2018-08-01,伊春-友好日报,http://www.yhq.gov.cn/yhqrmzf/c100050/201808/18991.shtml,
103,区委书记张延杰实地检查指导抗洪救灾工作,2018-08-01,2018-08-01,伊春-友好日报,http://www.yhq.gov.cn/yhqrmzf/c100050/201808/18990.shtml,
104,我区召开“天南地北友好人归乡行动”座谈会,2018-07-30,2018-07-30,伊春-友好日报,http://www.yhq.gov.cn/yhqrmzf/c100050/201807/18989.shtml,
105,我区举办2018伊春友好蓝莓文化艺术节——伊春市老年大学专场文艺演出,2018-07-30,2018-07-30,伊春-友好日报,http://www.yhq.gov.cn/yhqrmzf/c100050/201807/18988.shtml,
106,伊春友好蓝莓文化节暨第七届蓝莓采摘节盛大开幕,2018-07-27,2018-07-27,伊春-友好日报,http://www.yhq.gov.cn/yhqrmzf/c100050/201807/18987.shtml,
107,区委书记张延杰实地检查指导友好蓝莓文化节筹备工作情况,2018-07-25,2018-07-25,伊春-友好日报,http://www.yhq.gov.cn/yhqrmzf/c100050/201807/18986.shtml,
108,友好区持召开区委十九届28次常委（扩大）会议,2018-07-25,2018-07-25,伊春-友好日报,http://www.yhq.gov.cn/yhqrmzf/c100050/201807/18985.shtml,
109,区委书记张延杰对我区创卫二次复审迎检工作实地检查指导,2018-07-24,2018-07-24,伊春-友好日报,http://www.yhq.gov.cn/yhqrmzf/c100050/201807/18984.shtml,
110,区委书记张延杰应北京五洲传播中心邀请推介友好蓝莓产业,2018-07-23,2018-07-23,伊春-友好日报,http://www.yhq.gov.cn/yhqrmzf/c100050/201807/18983.shtml,
111,区委副书记、区（局）长吴伊森主持召开防汛工作紧急会议,2018-07-23,2018-07-23,伊春-友好日报,http://www.yhq.gov.cn/yhqrmzf/c100050/201807/18982.shtml,
112,2018伊春友好蓝莓文化节暨第七届蓝莓采摘节7月26日盛大启幕,2018-07-20,2018-07-20,伊春-友好日报,http://www.yhq.gov.cn/yhqrmzf/c100050/201807/18981.shtml,
113,团市委书记于笑一行到友好区开展专题调研工作,2018-07-20,2018-07-20,伊春-友好日报,http://www.yhq.gov.cn/yhqrmzf/c100050/201807/18980.shtml,
114,友好区人民检察院召开“树旗帜、知廉耻”廉政教育活动启动会,2018-07-19,2018-07-19,伊春-友好日报,http://www.yhq.gov.cn/yhqrmzf/c100050/201807/18979.shtml,
115,区政协召开年中总结部署会议,2018-07-18,2018-07-18,伊春-友好日报,http://www.yhq.gov.cn/yhqrmzf/c100050/201807/18978.shtml,
116,“童心向党放飞梦想 联盟共筑齐颂党恩”专场演出,2018-07-16,2018-07-16,伊春-友好日报,http://www.yhq.gov.cn/yhqrmzf/c100050/201807/18977.shtml,
117,区委书记张延杰主持召开我区扶贫工作专题会议,2018-07-12,2018-07-12,伊春-友好日报,http://www.yhq.gov.cn/yhqrmzf/c100050/201807/18976.shtml,
118,友好公安分局局长尹志刚检查指导分局窗口服务工作,2018-07-11,2018-07-11,伊春-友好日报,http://www.yhq.gov.cn/yhqrmzf/c100050/201807/18975.shtml,
119,2018国务院大督查  我为大督查提建议,2018-07-11,2018-07-11,伊春-友好日报,https://liuyan.www.gov.cn/2018gwyddc/index.htm,
120,国办关于“群众办事百项堵点疏解行动”第三季调查问卷,2018-07-09,2018-07-09,伊春-友好日报,http://toupiao.www.gov.cn/100dudian/index.htm,
121,区委副书记、区（局）长吴伊森检查第五届中国（东北亚）森博会我区展区布展情况,2018-07-09,2018-07-09,伊春-友好日报,http://www.yhq.gov.cn/yhqrmzf/c100050/201807/18972.shtml,
122,友好区妇联组织巾帼健身队参加伊春美•巾帼健身风采展,2018-07-06,2018-07-06,伊春-友好日报,http://www.yhq.gov.cn/yhqrmzf/c100050/201807/18971.shtml,
123,"我区召开""伊春市小浆果（蓝莓）人才驿站专家科研项目研讨会""",2018-07-06,2018-07-06,伊春-友好日报,http://www.yhq.gov.cn/yhqrmzf/c100050/201807/18970.shtml,
124,区委副书记、区（局）长吴伊森就中央环保督察组移交案件办理情况进行调研督办,2018-07-05,2018-07-05,伊春-友好日报,http://www.yhq.gov.cn/yhqrmzf/c100050/201807/18969.shtml,
125,友好公安分局交警大队集中销毁一批报废车,2018-07-04,2018-07-04,伊春-友好日报,http://www.yhq.gov.cn/yhqrmzf/c100050/201807/18968.shtml,
126,魅力中国城竟演进行时——伊春PK贺州,2018-07-03,2018-07-03,伊春-友好日报,https://v.qq.com/x/page/l0709y0tk6g.html,
127,【魅力中国城竞演进行时】央视导演组到我市洽谈对接,2018-07-03,2018-07-03,伊春-友好日报,https://mp.weixin.qq.com/s/IaB6vUVvd_ICnwx44eYx3w,
128,我区组织收听收看全市“转作风 强使命 永做新时代合格共产党员主题党日”视频会,2018-07-03,2018-07-03,伊春-友好日报,http://www.yhq.gov.cn/yhqrmzf/c100050/201807/18965.shtml,
129,区委书记张延杰在“七 一”前夕走访慰问老干部、困难党员和贫困家庭,2018-06-29,2018-06-29,伊春-友好日报,http://www.yhq.gov.cn/yhqrmzf/c100050/201807/18963.shtml,
130,伊春市档案局与友好区举行“书香满友好 红书颂党恩”主题赠书活动,2018-06-29,2018-06-29,伊春-友好日报,http://www.yhq.gov.cn/yhqrmzf/c100050/201807/18962.shtml,
131,区长吴伊森在“七 一”前夕走访慰问老干部、困难党员和贫困家庭,2018-06-29,2018-06-29,伊春-友好日报,http://www.yhq.gov.cn/yhqrmzf/c100050/201807/18964.shtml,
132,区委书记张延杰主持召开环保整改专题工作推进会,2018-06-27,2018-06-27,伊春-友好日报,http://www.yhq.gov.cn/yhqrmzf/c100050/201806/18961.shtml,
133,区政协举办“弘扬抗联精神、凝聚发展力量”大讲堂,2018-06-25,2018-06-25,伊春-友好日报,http://www.yhq.gov.cn/yhqrmzf/c100050/201806/18960.shtml,
134,我区组织开展“弘扬法治精神 建设法治友好”——全区“法治建设年”暨“平安友好”宣传周现场签名活动,2018-06-22,2018-06-22,伊春-友好日报,http://www.yhq.gov.cn/yhqrmzf/c100050/201806/18959.shtml,
135,友好交通运输分局深入开展车辆违法超限超载专项整治行动,2018-06-20,2018-06-20,伊春-友好日报,http://www.yhq.gov.cn/yhqrmzf/c100050/201806/18958.shtml,
136,区委书记张延杰主持召开区委十九届27次常委（扩大）会议,2018-06-19,2018-06-19,伊春-友好日报,http://www.yhq.gov.cn/yhqrmzf/c100050/201806/18957.shtml,
137,友好交通分局“五个强化”确保端午节期间道路运输安全畅通,2018-06-15,2018-06-15,伊春-友好日报,http://www.yhq.gov.cn/yhqrmzf/c100050/201806/18956.shtml,
138,区委书记张延杰出席全区文明城市常态化建设暨迎接第二轮国家卫生城市复检启动会议并讲话,2018-06-13,2018-06-13,伊春-友好日报,http://www.yhq.gov.cn/yhqrmzf/c100050/201806/18955.shtml,
139,我区借助“市委书记进校园宣讲活动”广泛招贤纳士,2018-06-13,2018-06-13,伊春-友好日报,http://www.yhq.gov.cn/yhqrmzf/c100050/201806/18954.shtml,
140,伊春林管局副管局长张和清到我区督查环境保护工作,2018-06-12,2018-06-12,伊春-友好日报,http://www.yhq.gov.cn/yhqrmzf/c100050/201806/18953.shtml,
141,市委常委、组织部长冯伟泉深入友好区调研,2018-06-11,2018-06-11,伊春-友好日报,http://www.yhq.gov.cn/yhqrmzf/c100050/201806/18952.shtml,
142,友好区开展“国际档案日”宣传活动,2018-06-11,2018-06-11,伊春-友好日报,http://www.yhq.gov.cn/yhqrmzf/c100050/201806/18951.shtml,
143,区委副书记、区（局）长吴伊森到嘉兴热电厂、双佳公司、烽禾森林食品有限公司调研工作,2018-06-11,2018-06-11,伊春-友好日报,http://www.yhq.gov.cn/yhqrmzf/c100050/201806/18950.shtml,
144,友好区举办“圆梦六月•爱心送考”公益活动启动仪式,2018-06-07,2018-06-07,伊春-友好日报,http://www.yhq.gov.cn/yhqrmzf/c100050/201806/18948.shtml,
145,陈清林主席调研我区物业服务提升工作,2018-06-06,2018-06-06,伊春-友好日报,http://www.yhq.gov.cn/yhqrmzf/c100050/201806/18947.shtml,
146,区委书记张延杰就全区“河长制”贯彻落实情况进行督导检查,2018-06-06,2018-06-06,伊春-友好日报,http://www.yhq.gov.cn/yhqrmzf/c100050/201806/18946.shtml,
147,友好区组织收听收看全市贯彻落实中央第三环境保护督察组“回头看”工作电视电话会议,2018-06-05,2018-06-05,伊春-友好日报,http://www.yhq.gov.cn/yhqrmzf/c100050/201806/18945.shtml,
148,区委书记张延杰就文化旅游产业发展进行调研,2018-06-05,2018-06-05,伊春-友好日报,http://www.yhq.gov.cn/yhqrmzf/c100050/201806/18944.shtml,
149,我区举办庆祝六一国际儿童节暨“儿童快乐家园”授牌仪式,2018-06-01,2018-06-01,伊春-友好日报,http://www.yhq.gov.cn/yhqrmzf/c100050/201806/18943.shtml,
150,区政府幼儿园第七届亲子运动会——快乐六一 欢乐童年,2018-06-01,2018-06-01,伊春-友好日报,http://www.yhq.gov.cn/yhqrmzf/c100050/201806/18942.shtml,
151,国办关于第二季“企业群众办事堵点疏解行动”调查问卷,2018-05-31,2018-05-31,伊春-友好日报,http://www.gov.cn/hudong/100dudian/index.htm,
152,友好区文广体局组织乒乓球代表队参赛荣获佳绩,2018-05-30,2018-05-30,伊春-友好日报,http://www.yhq.gov.cn/yhqrmzf/c100050/201806/18940.shtml,
153,友好区国动委召开职能办公室领导会议,2018-05-25,2018-05-25,伊春-友好日报,http://www.yhq.gov.cn/yhqrmzf/c100050/201805/18939.shtml,
154,区委书记张延杰主持召开区委十九届26次常委（扩大）会议,2018-05-25,2018-05-25,伊春-友好日报,http://www.yhq.gov.cn/yhqrmzf/c100050/201805/18938.shtml,
155,庆祝习总书记考察二周年 鼓足干劲再踏新征程,2018-05-24,2018-05-24,伊春-友好日报,http://www.yhq.gov.cn/yhqrmzf/c100050/201805/18937.shtml,
156,我区组织收听收看“林都讲坛”2018年第三场报告会,2018-05-22,2018-05-22,伊春-友好日报,http://www.yhq.gov.cn/yhqrmzf/c100050/201805/18936.shtml,
157,友好老干部办与青少年活动中心开展美德教育主题活动,2018-05-21,2018-05-21,伊春-友好日报,http://www.yhq.gov.cn/yhqrmzf/c100050/201805/18935.shtml,
158,我区举办“创优良营商环境 建和谐美丽友好”全民健身徒步行活动,2018-05-21,2018-05-21,伊春-友好日报,http://www.yhq.gov.cn/yhqrmzf/c100050/201805/18934.shtml,
159,区委副书记、区（局）长吴伊森到三合林场察看汛情,2018-05-17,2018-05-17,伊春-友好日报,http://www.yhq.gov.cn/yhqrmzf/c100050/201805/18933.shtml,
160,友好区妇联开展“情系母亲节 关爱贫困母亲”走访慰问活动,2018-05-15,2018-05-15,伊春-友好日报,http://www.yhq.gov.cn/yhqrmzf/c100050/201805/18932.shtml,
161,友好区发展和改革局做好时间利用调查工作,2018-05-14,2018-05-14,伊春-友好日报,http://www.yhq.gov.cn/yhqrmzf/c100050/201805/18931.shtml,
162,伊春林业干部学校班子成员到我区曙光村开展扶贫调研活动,2018-05-14,2018-05-14,伊春-友好日报,http://www.yhq.gov.cn/yhqrmzf/c100050/201805/18930.shtml,
163,市委第三督导组到我区督导检查干部作风整顿优化营商环境工作,2018-05-11,2018-05-11,伊春-友好日报,http://www.yhq.gov.cn/yhqrmzf/c100050/201805/18929.shtml,
164,区委书记张延杰主持召开区委十九届25次常委（扩大）会议,2018-05-11,2018-05-11,伊春-友好日报,http://www.yhq.gov.cn/yhqrmzf/c100050/201805/18928.shtml,
165,我区召开扫黑除恶专项斗争专题会议,2018-05-10,2018-05-10,伊春-友好日报,http://www.yhq.gov.cn/yhqrmzf/c100050/201805/18927.shtml,
166,友好区红十字会开展“5.8”世界红十字日宣传活动,2018-05-10,2018-05-10,伊春-友好日报,http://www.yhq.gov.cn/yhqrmzf/c100050/201805/18926.shtml,
167,区委书记张延杰到税务部门和便民服务大厅调研,2018-05-09,2018-05-09,伊春-友好日报,http://www.yhq.gov.cn/yhqrmzf/c100050/201805/18925.shtml,
168,我区组织收听收看全市脱贫攻坚暨农村 重点改革工作推进会议视频会,2018-05-08,2018-05-08,伊春-友好日报,http://www.yhq.gov.cn/yhqrmzf/c100050/201805/18924.shtml,
169,区委书记张延杰到区森林防火指挥中心调研,2018-05-04,2018-05-04,伊春-友好日报,http://www.yhq.gov.cn/yhqrmzf/c100050/201805/18923.shtml,
170,市长韩库深入我区检查指导森林防火工作,2018-05-03,2018-05-03,伊春-友好日报,http://www.yhq.gov.cn/yhqrmzf/c100050/201805/18922.shtml,
171,友好区召开机关扑火预备队培训会,2018-05-02,2018-05-02,伊春-友好日报,http://www.yhq.gov.cn/yhqrmzf/c100050/201805/18921.shtml,
172,我区组织收听收看全省开发区改革和创新发展工作会议视频会,2018-05-02,2018-05-02,伊春-友好日报,http://www.yhq.gov.cn/yhqrmzf/c100050/201805/18920.shtml,
173,我区组织收听收看全省”法制建设年“活动动员部署大会视频会,2018-05-02,2018-05-02,伊春-友好日报,http://www.yhq.gov.cn/yhqrmzf/c100050/201805/18919.shtml,
174,我区召开2018年第一季度重点工作推进会议,2018-04-28,2018-04-28,伊春-友好日报,http://www.yhq.gov.cn/yhqrmzf/c100050/201804/18918.shtml,
175,我区举办第二届迷你马拉松赛喜迎五一国际劳动节,2018-04-28,2018-04-28,伊春-友好日报,http://www.yhq.gov.cn/yhqrmzf/c100050/201805/18916.shtml,
176,省文化厅到友好区调研小微文化企业,2018-04-28,2018-04-28,伊春-友好日报,http://www.yhq.gov.cn/yhqrmzf/c100050/201805/18917.shtml,
177,沈阳药科大学专业学位硕士研究生实践基地和沈阳药科大学实践教育基地在我区揭牌成立,2018-04-26,2018-04-26,伊春-友好日报,http://www.yhq.gov.cn/yhqrmzf/c100050/201804/18915.shtml,
178,友好公安分局组织全区规模以上企业家召开座谈会认真征求服务企业发展意见和建议,2018-04-25,2018-04-25,伊春-友好日报,http://www.yhq.gov.cn/yhqrmzf/c100050/201804/18914.shtml,
179,友好区举办“防治校园欺凌”知识讲座,2018-04-25,2018-04-25,伊春-友好日报,http://www.yhq.gov.cn/yhqrmzf/c100050/201804/18913.shtml,
180,我区组织收听收看全省脱贫攻坚工作推进会议,2018-04-25,2018-04-25,伊春-友好日报,http://www.yhq.gov.cn/yhqrmzf/c100050/201804/18912.shtml,
181,“群众办事百项堵点疏解行动”，面向社会公开征集群众办事堵点难点问题,2018-04-23,2018-04-23,伊春-友好日报,http://www.gov.cn/hudong/100dudian/index.htm,
182,我区组织收听收看2018“林都讲坛”首场报告会《宪法》辅导讲座视频会,2018-04-23,2018-04-23,伊春-友好日报,http://www.yhq.gov.cn/yhqrmzf/c100050/201804/18909.shtml,
183,友好区2018年4月份市场商品价格简报,2018-04-23,2018-04-23,伊春-友好日报,http://www.yhq.gov.cn/yhqrmzf/c100050/201805/18908.shtml,
184,友好区委副书记、区（局）长吴伊森 检查全区爱卫工作,2018-04-19,2018-04-19,伊春-友好日报,http://www.yhq.gov.cn/yhqrmzf/c100050/201804/18907.shtml,
185,友好区第八届“林都情韵”——“阅读开启智慧人生”诵读比赛圆满成功,2018-04-19,2018-04-19,伊春-友好日报,http://www.yhq.gov.cn/yhqrmzf/c100050/201804/18906.shtml,
186,区委副书记、区（局）长吴伊森到第三小学调研指导工作,2018-04-18,2018-04-18,伊春-友好日报,http://www.yhq.gov.cn/yhqrmzf/c100050/201804/18905.shtml,
187,市委书记高环到我区调研指导工作,2018-04-18,2018-04-18,伊春-友好日报,http://www.yhq.gov.cn/yhqrmzf/c100050/201804/18904.shtml,
188,区领导到第一小学进行调研,2018-04-13,2018-04-13,伊春-友好日报,http://www.yhq.gov.cn/yhqrmzf/c100050/201804/18903.shtml,
189,友好区召开春夏火灾防控动员部署会议,2018-04-11,2018-04-11,伊春-友好日报,http://www.yhq.gov.cn/yhqrmzf/c100050/201804/18902.shtml,
190,友好区物业管理服务中心“百日攻坚战”总结表彰大会,2018-04-09,2018-04-09,伊春-友好日报,http://www.yhq.gov.cn/yhqrmzf/c100050/201804/18901.shtml,
191,区委召开十九届24次常委（扩大）会议，对近期重点工作和重大事项进行安排部署,2018-04-09,2018-04-09,伊春-友好日报,http://www.yhq.gov.cn/yhqrmzf/c100050/201804/18900.shtml,
192,我区组织收听收看全市深化作风整顿集中整治窗口服务突出问题专项工作推进会议视频会,2018-04-08,2018-04-08,伊春-友好日报,http://www.yhq.gov.cn/yhqrmzf/c100050/201804/18899.shtml,
193,友好区召开深化干部作风整顿优化营商环境大会,2018-04-08,2018-04-08,伊春-友好日报,http://www.yhq.gov.cn/yhqrmzf/c100050/201804/18898.shtml,
194,区第十五届人大常委会举行第九次会议,2018-04-08,2018-04-08,伊春-友好日报,http://www.yhq.gov.cn/yhqrmzf/c100050/201804/18897.shtml,
195,抓早动快提前进入“清明节”森林防火战役,2018-04-04,2018-04-04,伊春-友好日报,http://www.yhq.gov.cn/yhqrmzf/c100050/201804/18896.shtml,
196,友好团区委开展清明节祭英烈暨“五彩丝带•文明友好”文明礼仪红丝带志愿服务活动,2018-04-03,2018-04-03,伊春-友好日报,http://www.yhq.gov.cn/yhqrmzf/c100050/201804/18895.shtml,
197,友好区老干部办举行“健康伴我行”健康知识讲座及健康体检活动,2018-04-03,2018-04-03,伊春-友好日报,http://www.yhq.gov.cn/yhqrmzf/c100050/201804/18894.shtml,
198,我区组织收听收看“龙江发展讲坛” 2018年第一场视频报告会,2018-04-02,2018-04-02,伊春-友好日报,http://www.yhq.gov.cn/yhqrmzf/c100050/201804/18893.shtml,
199,友好交警大队拘留一名摩托车无证驾驶违法行为人,2018-04-02,2018-04-02,伊春-友好日报,http://www.yhq.gov.cn/yhqrmzf/c100050/201804/18892.shtml,
200,我区组织集中收听收看全省深化机关作风整顿集中整治窗口服务突出问题专项工作会议视频会,2018-03-30,2018-03-30,伊春-友好日报,http://www.yhq.gov.cn/yhqrmzf/c100050/201803/18891.shtml,
201,友好区政协召开提案交办会议,2018-03-29,2018-03-29,伊春-友好日报,http://www.yhq.gov.cn/yhqrmzf/c100050/201803/18890.shtml,
202,我区组织收听收看全市深化干部作风整顿优化营商环境大会视频会,2018-03-28,2018-03-28,伊春-友好日报,http://www.yhq.gov.cn/yhqrmzf/c100050/201803/18889.shtml,
203,我区组织集中收听收看全省领导干部大会视频会,2018-03-26,2018-03-26,伊春-友好日报,http://www.yhq.gov.cn/yhqrmzf/c100050/201803/18888.shtml,
204,区政协机关集中学习习近平新时代中国特色社会主义思想,2018-03-22,2018-03-22,伊春-友好日报,http://www.yhq.gov.cn/yhqrmzf/c100050/201803/18887.shtml,
205,友好团区委联合区妇联、区食药监局开展 食品安全进校园知识讲座（首场）,2018-03-19,2018-03-19,伊春-友好日报,http://www.yhq.gov.cn/yhqrmzf/c100050/201803/18886.shtml,
206,朝督暮责抓防火 全力打胜春防战,2018-03-19,2018-03-19,伊春-友好日报,http://www.yhq.gov.cn/yhqrmzf/c100050/201803/18885.shtml,
207,友好团区委、区第三小学联合开展 “青春暖流•献爱心送温暖”公益行动,2018-03-16,2018-03-16,伊春-友好日报,http://www.yhq.gov.cn/yhqrmzf/c100050/201803/18884.shtml,
208,市委宣传部副部长谭景涛到我区青少年活动中心调研指导工作,2018-03-16,2018-03-16,伊春-友好日报,http://www.yhq.gov.cn/yhqrmzf/c100050/201803/18883.shtml,
209,我区召开安全生产紧急工作会议,2018-03-15,2018-03-15,伊春-友好日报,http://www.yhq.gov.cn/yhqrmzf/c100050/201803/18882.shtml,
210,友好区人民检察院认真贯彻落实市委政法工作会议精神,2018-03-15,2018-03-15,伊春-友好日报,http://www.yhq.gov.cn/yhqrmzf/c100050/201803/18881.shtml,
211,友好一中开展“走进消防大队 普及消防安全知识”活动,2018-03-15,2018-03-15,伊春-友好日报,http://www.yhq.gov.cn/yhqrmzf/c100050/201803/18880.shtml,
212,友好工商分局开展“3•15”国际消费者权益日宣传活动,2018-03-14,2018-03-14,伊春-友好日报,http://www.yhq.gov.cn/yhqrmzf/c100050/201803/18879.shtml,
213,友好区纪委监委构筑“廉政银行” 制作“廉洁用权信用卡”,2018-03-13,2018-03-13,伊春-友好日报,http://www.yhq.gov.cn/yhqrmzf/c100050/201803/18878.shtml,
214,服务党政工作大局 助力经济社会发展,2018-03-12,2018-03-12,伊春-友好日报,http://www.yhq.gov.cn/yhqrmzf/c100050/201803/18877.shtml,
215,友好区（局）召开2017年度总结述职大会,2018-03-08,2018-03-08,伊春-友好日报,http://www.yhq.gov.cn/yhqrmzf/c100050/201803/18875.shtml,
216,友好公安分局环食药侦大队开展“珍爱野生动物，建设美丽伊春”主题宣传活动,2018-03-08,2018-03-08,伊春-友好日报,http://www.yhq.gov.cn/yhqrmzf/c100050/201803/18874.shtml,
217,友好区组织党员干部收听收看十三届全国人大一次会议开幕盛况,2018-03-06,2018-03-06,伊春-友好日报,http://www.yhq.gov.cn/yhqrmzf/c100050/201803/18873.shtml,
218,“青春志愿行 共筑中国梦” 友好区学雷锋志愿服务活动,2018-03-06,2018-03-06,伊春-友好日报,http://www.yhq.gov.cn/yhqrmzf/c100050/201803/18872.shtml,
219,扭起秧歌庆十五 锣鼓喧天闹元宵,2018-03-05,2018-03-05,伊春-友好日报,http://www.yhq.gov.cn/yhqrmzf/c100050/201803/18871.shtml,
220,铁兴社区开展“党建联盟”活动,2018-03-02,2018-03-02,伊春-友好日报,http://www.yhq.gov.cn/yhqrmzf/c100050/201803/18870.shtml,
221,我区召开区委经济工作会议,2018-02-24,2018-02-24,伊春-友好日报,http://www.yhq.gov.cn/yhqrmzf/c100050/201802/18869.shtml,
222,中共友好区委书记张延杰发表2018年新春致辞,2018-02-14,2018-02-14,伊春-友好日报,http://www.yhq.gov.cn/yhqrmzf/c100050/201802/18868.shtml,
223,区委书记张延杰走访检查春节节日市场,2018-02-14,2018-02-14,伊春-友好日报,http://www.yhq.gov.cn/yhqrmzf/c100050/201802/18867.shtml,
224,区委书记张延杰走访慰问困难群众,2018-02-13,2018-02-13,伊春-友好日报,http://www.yhq.gov.cn/yhqrmzf/c100050/201802/18866.shtml,
225,区委副书记、区（局）长吴伊森走访慰问困难群众,2018-02-13,2018-02-13,伊春-友好日报,http://www.yhq.gov.cn/yhqrmzf/c100050/201802/18865.shtml,
226,友好区疾控中心开展春节期间餐饮场所监督专项检查,2018-02-12,2018-02-12,伊春-友好日报,http://www.yhq.gov.cn/yhqrmzf/c100050/201802/18864.shtml,
227,中共友好区纪委召开第十九届第三次全会,2018-02-12,2018-02-12,伊春-友好日报,http://www.yhq.gov.cn/yhqrmzf/c100050/201802/18863.shtml,
228,区委副书记、区（局）长吴伊森带队开展节前安全生产检查,2018-02-12,2018-02-12,伊春-友好日报,http://www.yhq.gov.cn/yhqrmzf/c100050/201802/18862.shtml,
229,我区举办“放歌新时代 开启新征程 共享新友好”2018年新春联欢会,2018-02-11,2018-02-11,伊春-友好日报,http://www.yhq.gov.cn/yhqrmzf/c100050/201802/18861.shtml,
230,副市长王忠秋到我区走访慰问,2018-02-11,2018-02-11,伊春-友好日报,http://www.yhq.gov.cn/yhqrmzf/c100050/201802/18860.shtml,
231,市政协主席王瑞到友好区走访慰问,2018-02-09,2018-02-09,伊春-友好日报,http://www.yhq.gov.cn/yhqrmzf/c100050/201802/18859.shtml,
232,市书法家送文化“年货”到友好,2018-02-09,2018-02-09,伊春-友好日报,http://www.yhq.gov.cn/yhqrmzf/c100050/201802/18858.shtml,
233,友好区2018年“益起来 希望工程暖冬爱心慈善行动”发放仪式今日启动,2018-02-07,2018-02-07,伊春-友好日报,http://www.yhq.gov.cn/yhqrmzf/c100050/201802/18857.shtml,
234,我区召开2017年度基层党组织书记抓党建工作述职评议会,2018-02-07,2018-02-07,伊春-友好日报,http://www.yhq.gov.cn/yhqrmzf/c100050/201802/18856.shtml,
235,友好区人民法院“新春佳节送温暖，精准扶贫暖民心”,2018-02-06,2018-02-06,伊春-友好日报,http://www.yhq.gov.cn/yhqrmzf/c100050/201802/18855.shtml,
236,友好区发展和改革局开展“春节”市场价格检查情况,2018-02-05,2018-02-05,伊春-友好日报,http://www.yhq.gov.cn/yhqrmzf/c100050/201802/18854.shtml,
237,友好区青少年活动中心举办迎新年文艺汇报演出,2018-02-02,2018-02-02,伊春-友好日报,http://www.yhq.gov.cn/yhqrmzf/c100050/201802/18853.shtml,
238,区委副书记、区（局）长吴伊森到区嘉兴热电厂检查指导工作,2018-02-01,2018-02-01,伊春-友好日报,http://www.yhq.gov.cn/yhqrmzf/c100050/201802/18852.shtml,
239,区委常委班子召开2017年度民主生活会,2018-01-29,2018-01-29,伊春-友好日报,http://www.yhq.gov.cn/yhqrmzf/c100050/201801/18851.shtml,
240,省委老干部局领导看望慰问我区离休老干部,2018-01-29,2018-01-29,伊春-友好日报,http://www.yhq.gov.cn/yhqrmzf/c100050/201801/18850.shtml,
241,友好区开展中小学生“快乐假期 开心阅读”主题阅读活动,2018-01-29,2018-01-29,伊春-友好日报,http://www.yhq.gov.cn/yhqrmzf/c100050/201802/18849.shtml,
242,友好公安分局党委书记、局长尹志刚走访慰问困难群众,2018-01-24,2018-01-24,伊春-友好日报,http://www.yhq.gov.cn/yhqrmzf/c100050/201801/18848.shtml,
243,友好区纪委监委召开学习贯彻市纪委全会精神暨谋划2018年工作会,2018-01-24,2018-01-24,伊春-友好日报,http://www.yhq.gov.cn/yhqrmzf/c100050/201801/18847.shtml,
244,友好区 “PPT演示+实地考核”相结合 创新基层党建述职新形式,2018-01-23,2018-01-23,伊春-友好日报,http://www.yhq.gov.cn/yhqrmzf/c100050/201801/18846.shtml,
245,关爱贫困妇女助力精准扶贫,2018-01-22,2018-01-22,伊春-友好日报,http://www.yhq.gov.cn/yhqrmzf/c100050/201801/18845.shtml,
246,友好区第十五届人民代表大会第四次会议隆重开幕,2018-01-17,2018-01-17,伊春-友好日报,http://www.yhq.gov.cn/yhqrmzf/c100050/201801/18844.shtml,
247,友好区政协第十届委员会第三次会议隆重开幕,2018-01-17,2018-01-17,伊春-友好日报,http://www.yhq.gov.cn/yhqrmzf/c100050/201801/18843.shtml,
248,我区召开区委十九届二次全会,2018-01-15,2018-01-15,伊春-友好日报,http://www.yhq.gov.cn/yhqrmzf/c100050/201801/18842.shtml,
249,友好区举办廉政文化进家庭诗词诵读会,2018-01-14,2018-01-14,伊春-友好日报,http://www.yhq.gov.cn/yhqrmzf/c100050/201801/18841.shtml,
250,友好区卫生局、卫生监督所开展学校结核病和艾滋病防控工作专项联合检查,2018-01-12,2018-01-12,伊春-友好日报,http://www.yhq.gov.cn/yhqrmzf/c100050/201801/18840.shtml,
251,友好公安分局开展“110 守护新时代美好生活”主题宣传活动,2018-01-12,2018-01-12,伊春-友好日报,http://www.yhq.gov.cn/yhqrmzf/c100050/201801/18839.shtml,
252,范广余同志深入巡察工作一线检查指导工作,2018-01-12,2018-01-12,伊春-友好日报,http://www.yhq.gov.cn/yhqrmzf/c100050/201801/18838.shtml,
253,友好区物业管理服务中心组织全体职工召开“百日攻坚战”动员大会,2018-01-09,2018-01-09,伊春-友好日报,http://www.yhq.gov.cn/yhqrmzf/c100050/201801/18837.shtml,
254,我区召开2018年区政府第一次常务会议暨社区、林场（所）述职工作会议,2018-01-05,2018-01-05,伊春-友好日报,http://www.yhq.gov.cn/yhqrmzf/c100050/201801/18836.shtml,
255,我区召开2018年区委十九届二次全会和区委经济工作会议征求意见建议座谈会,2018-01-05,2018-01-05,伊春-友好日报,http://www.yhq.gov.cn/yhqrmzf/c100050/201801/18835.shtml,
256,友好区启动第三轮巡察工作,2018-01-02,2018-01-02,伊春-友好日报,http://www.yhq.gov.cn/yhqrmzf/c100050/201801/18834.shtml,
257,友好区纪委监委多项措施过“廉节”,2018-01-02,2018-01-02,伊春-友好日报,http://www.yhq.gov.cn/yhqrmzf/c100050/201801/18833.shtml,
258,我区举办“贯彻十九大 讴歌新时代 共建新友好”迎新年全民联欢会,2018-01-01,2018-01-01,伊春-友好日报,http://www.yhq.gov.cn/yhqrmzf/c100050/201801/18832.shtml,
