﻿id,标题,成文日期,来源,url源地址,内容
160,铁岭市2018年退出落后产能公告,2018/12/25,铁岭日报,http://www.tieling.gov.cn/tieling/gsgg/2022031618440814628/index.html,　　为贯彻落实《辽宁省利用综合标准依法依规推动落后产能退出工作方案》和《铁岭市利用综合标准依法依规推动落后产能退出工作方案》，现将2018年全市退出落后产能予以公告：　　1、西丰县振兴越胜白灰厂土里窑1座　　2、西丰县安民镇源发白灰厂土里窑2座　　3、西丰县安民镇恒发白灰厂土里窑4座　　4、西丰县安民镇金升白灰厂土里窑3座　　5、西丰县振兴白灰厂土里窑2座　　6、铁岭天瑞环保建材有限公司年产288万平方米石膏板生产线　　7、铁煤集团机械制造有限公司铸造车间无磁轭3吨铝壳中频感应熔炼炉2台　　8、清河区宏博仿古建筑瓦业有限公司砖瓦窑5座铁岭市淘汰落后产能工作协调小组2018年12月24日
160,关于协助做好退役军人和其他优抚对象信息采集工作的通知,2018/12/4,铁岭日报,http://www.tieling.gov.cn/tieling/gsgg/2022031618435683927/index.html,http://www.tieling.gov.cn//tieling/fileDir/resource/cms/article/2922/572799/2018120410402621882.pdf/tieling/fileDir/resource/cms/article/2922/572799/2018120410402686072.xlsx
160,铁岭市人民政府办公室关于2018年11月份全市政府网站检查情况的通报,2018/12/4,铁岭日报,http://www.tieling.gov.cn/tieling/gsgg/2022031618440531576/index.html,各县（市）、区人民政府，市直各部门：　　按照国务院办公厅关于政府网站规范化管理工作的要求和部署，市政府办公室组织人员对各县（市）区政府门户网站、市政府各部门网站的内容保障和规范化建设情况进行了检查，现将省政府办公厅和市政府办公室对县区政府门户网站、市政府部门网站的检查情况通报如下：　　一、政府网站抽查情况　　全市县区政府门户网站和市直部门网站在省政府办公厅检查中没有出现问题，总体运行情况较好。但在市政府办公室对各级政府网站检查过程中发现，有个别单位网站仍存在内容保障未按限定时间更新的情况；还有些部门网站内容保障责任分散，缺乏统一的部门来负责对内容保障工作的组织协调和对网站内容更新监测的监督管理。截至11月末，全市共受理省政府下发的“我为政府网站找错”留言20条，已按期全部办结。　　二、下一步工作要求　　结合市政府办公室在11月15日下发的《关于加强我市政府网站规范化建设和运行监管的通知》和网站考核工作提出如下要求，各县（市）区政府、市政府各部门要继续做好以下三项工作：　　一是围绕国办、省政府办公厅对各级政府网站工作的检查要求，市政府办公室将继续组织开展政府网站内容保障和规范化建设检查，检查结果将在铁岭市政府门户网站上公开，对网站检查存在问题县区和部门要追究相关人员的责任；二是市政府各部门要持续做好在机构改革期间本单位网站的内容保障和更新监测工作，完善自查监管机制，发现问题及时整改；　　三是进一步落实省政府办公厅的工作部署要求，还没有在市政府网站群平台管理的县区政府门户网站和市政府部门网站要加快推进网站的迁移工作，此项工作要在2018年12月底前完成。铁岭市人民政府办公室2018年12月4日
160,关于下达2018年省财政专项扶贫发展资金指标的通知,2018/11/16,铁岭日报,http://www.tieling.gov.cn/tieling/gsgg/2022031618435231605/index.html,http://www.tieling.gov.cn//tieling/fileDir/resource/cms/2018/11/img_pc_site/关于下达2018年省财政专项扶贫发展资金指标的通知1(1)(2).jpg/tieling/fileDir/resource/cms/2018/11/img_pc_site/关于下达2018年省财政专项扶贫发展资金指标的通知2(1)(2).jpg/tieling/fileDir/resource/cms/2018/11/img_pc_site/关于下达2018年省财政专项扶贫发展资金指标的通知3(1)(2).jpg
160,关于下达2018年市级财政专项扶贫发展等资金指标的通知,2018/11/16,铁岭日报,http://www.tieling.gov.cn/tieling/gsgg/2022031618435685551/index.html,http://www.tieling.gov.cn//tieling/fileDir/resource/cms/2018/11/img_pc_site/1111(1)(2)(3)(4)(5).jpg/tieling/fileDir/resource/cms/2018/11/img_pc_site/2222(1)(2)(3)(4)(5)(6).jpg/tieling/fileDir/resource/cms/2018/11/img_pc_site/未命名-3(1)(2)(3)(4)(5).gif
160,铁岭市人民政府办公室关于2018年10月份全市政府网站检查情况的通报,2018/11/1,铁岭日报,http://www.tieling.gov.cn/tieling/gsgg/2022031618434661536/index.html,各县（市）、区人民政府，市直各部门：　　按照国务院办公厅和省政府办公厅关于政府网站规范化管理的工作要求和部署，市政府办公室组织专门人员，对全市政府网站内容保障情况进行了监督检查，现将有关情况通报如下：　　一、政府网站抽查情况　　经市政府办公室抽查发现，我市部分政府网站信息更新滞后，未按要求在网站底部添加“八要素”，如：市农机局网站。我市动物卫生监督管理局网站存在更新不及时、空白栏目，监测时间点2周内无信息更新，被省政府办公厅通报。　　全市共受理“我为政府网站找错”有效留言4条，全部办结完成。　　二、下一步工作要求　　针对我市政府网站被省政府办公厅通报情况，市政府办公室责成市动物卫生监督管理局立即作出整改，形成书面材料报市政府办公室，并约谈网站单位责任人。近期工作要求如下：一是加强政府网站监管工作。按照省政府办公厅的工作部署，市政府办公室将继续开展政府网站常态化检查，通报检查情况，并在市政府门户网站公开。二是健全网站监管自查机制。各县区、各部门要组织专人深入开展自查工作，发现问题及时整改，确保本单位政府网站长期达标运行。三是做好政府网站规范建设工作。严格贯彻落实《辽宁省政府网站管理办法》文件要求，做好本单位政府网站监管及规范建设管理工作，规范使用网站名称域名，完成“八要素”功能标识添加。铁岭市人民政府办公室2018年11月1日
160,铁岭市淘汰落后产能工作协调小组举报平台,2018/10/15,铁岭日报,http://www.tieling.gov.cn/tieling/gsgg/2022031618380955354/index.html,　　为深入推进供给侧结构性改革，实现工作方式向综合运用法律法规、经济手段和必须的行政手段转变，促使一批能耗、环保、安全、技术不达到标准和生产不合格产品或淘汰类产能，依法依规关停退出，特设举报平台、举报电话如下：　　市直成员单位举报渠道：　　经信委：举报平台：tljwcyk@163.com　　举报电话： 72682383　　发改委：举报平台：tljwgyk@163.com　　举报电话： 72681215　　环保局：举报平台：tlhjxf@163.com　　举报电话：12369　　质监局：举报平台：tlszjj001@163.com　　举报电话：12365　　安全局：举报平台：sajjbgs2011@163.com　　举报电话： 12350　　县（市）区淘汰组举报渠道：　　铁岭县　　举报平台： 邮箱tlxjjwyh@163.com　　举报电话： 78826097　　开原市　　举报平台： 邮箱kysjxjbg@126.com　　举报电话： 73898834　　昌图县　　举报平台： 邮箱C75830551@126.com　　举报电话： 74491099　　西丰县　　举报平台： 邮箱xftzghg@163.com　　举报电话： 77892009　　调兵山市　　举报平台： 邮箱dbsjxj@163.com　　举报电话： 76960990　　银州区　　举报平台： 邮箱tlyzjw@163.com　　举报电话： 74109991　　清河区　　举报平台： 邮箱tlqhjxj@163.com　　举报电话： 72170702　　开发区　　举报平台： 邮箱kfqjxw@163.com　　举报电话： 72690864
160,民爆安全监督举报联系方式,2018/10/15,铁岭日报,http://www.tieling.gov.cn/tieling/gsgg/2022031618433467891/index.html,http://www.tieling.gov.cn/
160,铁岭市司法局公告,2018/9/29,铁岭日报,http://www.tieling.gov.cn/tieling/gsgg/2022031618433142715/index.html,　　依据《国家统一法律职业资格考试实施办法》等有关规定，现就2018年国家统一法律职业资格考试客观题考试成绩公布、合格分数线和主观题考试报名、交费等事项公告如下：　　一、客观题考试成绩公布、查询　　2018年国家统一法律职业资格考试客观题考试成绩于9月27日公布。应试人员可自9月27日0时起，通过司法部网站(http：//www.moj.gov.cn)、中国普法网(http：//www.legalinfo.gov.cn)、司法部微信公众号和中国普法微信公众号查询本人成绩，登录司法部网站自行下载打印成绩通知单。　　二、客观题考试合格分数线　　依据《国家统一法律职业资格考试实施办法》，司法部商最高人民法院、最高人民检察院等部门，确定2018年国家统一法律职业资格考试客观题考试合格分数线。全国合格分数线为180分。放宽合格分数线分为三档，西藏自治区放宽合格分数线为140分；青海、四川、云南、甘肃四省藏区，南疆四地州和四川凉山州、云南怒江州、甘肃临夏州等“三区三州”放宽合格分数线为150分；其他放宽地方合格分数线为160分。　　客观题考试合格成绩在本年度和下一个考试年度内有效。　　三、主观题考试相关事宜　　应试人员达到2018年国家法律职业资格考试客观题考试合格分数线的，应于2018年9月27日0时至9月30日24时，登录司法部网站（http://www.moj.gov.cn）确认参加主观题考试并按规定交纳考试费。逾期未确认并交费的，不予补报。　　辽宁省主观题考试设沈阳、大连、锦州三个考区，通过客观题考试的铁岭考生到沈阳考区参加考试。　　确认参加主观题考试人员，可于10月15日至10月19日登录司法部网站自行下载打印准考证。主观题考试时间为10月20日8：30-12：30，考试时间240分钟。　　2018年国家统一法律职业资格考试主观题考试采取纸笔考试方式，应试人员应当在答题纸上作答。　　主观题考试设置选作题的，应试人员应选择其一作答。　　四、其他事宜　　应试人员（包括香港、澳门居民和台湾居民）参加2018年国家统一法律职业资格考试主观题考试的其他事宜按照司法部第181号《公告》执行。应试人员参加主观题考试的成绩公布、合格分数线及申请授予法律职业资格事宜由司法部另行公告。　　　　                                                                                                            铁岭市司法局　　                                                                                                 　    　   2018年9月28日
160,铁岭市人民政府办公室关于2018年9月份全市政府网站检查情况的通报,2018/9/22,铁岭日报,http://www.tieling.gov.cn/tieling/gsgg/2022031618434688889/index.html,各县（市）、区人民政府，市直各部门：　　按照国务院办公厅和省政府办公厅对政府网站工作的要求，市政府办公室组织人员对全市政府网站开展抽查，现将有关情况通报如下：　　一、政府网站抽查情况　　省政府办公厅抽查发现我市“昌图县人民政府门户网站”存在多个空白栏目被省政府办公厅通报。　　市政府办公室抽查发现我市个别网站存在栏目内容更新滞后、错误链接、短时间无法访问等问题。铁岭市农机局网站：首页-政务公开-办事指南栏目部分办理要素不齐全，如：拖拉机、联合收获机驾驶证核发缺失要素申请条件、办理时间。网站缺失要素网站标识码、公安机关备案标识和站点地图。铁岭市民生办网站：网站域名不规范，网站长时间无法访问。　　网友找错情况：截至目前，全市共受理“我为政府网站找错”有效留言2条，全部办结完成。　　二、下一步工作要求　　根据省办公厅通报精神，各地区、各部门要深刻吸取教训，举一反三，全面贯彻落实《政府网站发展指引》《辽宁省政府网站管理办法》要求，对本地区、本部门政府网站开展全面检查，做好政府网站监管及网站规范管理等工作。一是进一步加强政府网站监管，各地区、各部门要建立网站常态化监督机制，要保证专人或专职负责网站日常读网及网站功能情况的自查，发现问题，及时整改；二是进一步加强政府网站域名管理，对已关停政府网站登录“全国政府网站信息报送系统”对网站信息表进行更改，并对政府网站的域名及闲置域名要及时按照流程予以注销。　　　　                        铁岭市人民政府办公室                            2018年9月22日    
160,铁岭市人民政府办公室关于2018年8月份全市政府网站检查情况的通报,2018/9/14,铁岭日报,http://www.tieling.gov.cn/tieling/gsgg/2022031618434589581/index.html,各县（市）、区人民政府，市直各部门：　　按照国务院办公厅和省政府办公厅关于政府网站规范化建设的要求，市政府办公室组织人员对全市政府网站开展抽查，现将有关情况通报如下：　　一、网站抽查情况　　省政府办公厅抽查发现，我市食品药品监督管理局网站多个栏目或信息无内容被省政府办公厅通报。　　市政府办公室抽查发现，铁岭市地震局网站部分栏目长时间未更新；铁岭市体育局网站首页栏目更新不及时，部分栏目长时间未更新。　　二、近期工作要求　　根据国办通报精神，结合省政府办公厅通报网站情况，对近期工作提出如下要求：　　（一）市政府办公室责成铁岭市食品药品监督管理局、铁岭市地震局、铁岭市体育局3家单位立即作出整改，将整改情况报市政府办公室。　　（二）建立自查整改机制。各地区、各部门要提高认识，加大网站监督管理力度，认真自查，发现问题，及时整改。　　（三）规范网站建设管理。各地区、各部门要继续做好网站名称域名规范工作，完善政府网站底部功能区相关标识添加。　　（四）做好网站基本信息修改。各地区、各部门政府网站名称、域名、备案、负责人等相关信息变更后，要及时登录全国政府网站信息报送系统进行修改，报备市政府办公室。　　　                        铁岭市人民政府办公室                            2018年9月14日    
160,铁岭市脱贫攻坚实施意见,2018/8/30,铁岭日报,http://www.tieling.gov.cn/tieling/gsgg/2022031618431695181/index.html,http://www.tieling.gov.cn//tieling/fileDir/resource/cms/2018/08/img_pc_site/铁岭市脱贫攻坚实施意见1.jpg/tieling/fileDir/resource/cms/2018/08/img_pc_site/铁岭市脱贫攻坚实施意见2.jpg/tieling/fileDir/resource/cms/2018/08/img_pc_site/铁岭市脱贫攻坚实施意见3.jpg/tieling/fileDir/resource/cms/2018/08/img_pc_site/铁岭市脱贫攻坚实施意见4.jpg/tieling/fileDir/resource/cms/2018/08/img_pc_site/铁岭市脱贫攻坚实施意见5.jpg/tieling/fileDir/resource/cms/2018/08/img_pc_site/铁岭市脱贫攻坚实施意见6.jpg/tieling/fileDir/resource/cms/2018/08/img_pc_site/铁岭市脱贫攻坚实施意见7.jpg/tieling/fileDir/resource/cms/2018/08/img_pc_site/铁岭市脱贫攻坚实施意见8.jpg
160,铁岭市扶贫监督举报电话平台,2018/8/30,铁岭日报,http://www.tieling.gov.cn/tieling/gsgg/2022031618430427972/index.html,http://www.tieling.gov.cn/
160,市教育局2018年教育脱贫攻坚暨助力西丰县脱贫摘帽实施意见,2018/8/30,铁岭日报,http://www.tieling.gov.cn/tieling/gsgg/2022031618423613503/index.html,http://www.tieling.gov.cn//tieling/fileDir/resource/cms/2018/08/img_pc_site/1(1)(2)(3)(4).jpg/tieling/fileDir/resource/cms/2018/08/img_pc_site/2(1)(2)(3)(4).jpg/tieling/fileDir/resource/cms/2018/08/img_pc_site/4(1).jpg/tieling/fileDir/resource/cms/2018/08/img_pc_site/6.jpg/tieling/fileDir/resource/cms/2018/08/img_pc_site/11.jpg/tieling/fileDir/resource/cms/2018/08/img_pc_site/12.jpg
160,铁岭市市本级2018年度会计监督检查查前公示,2018/8/20,铁岭日报,http://www.tieling.gov.cn/tieling/gsgg/2022031618421797146/index.html,　　为切实履行财政部门会计监督职责，充分发挥会计监督服务宏观调控和财政管理、保障财税政策执行、提升会计信息质量的重要作用，根据《财政部关于组织地方财政部门开展2018年度会计监督检查和资产评估机构检查工作的通知》（财监〔2018〕33号）、省财政厅《关于开展2018年度会计监督检查工作的通知》（辽财办监〔2018〕77号）要求，结合实际，市财政局指派财政监督检查局组成检查组，将围绕乡村振兴战略和精准扶贫、精准脱贫基本方略，组织对我市“两不愁三保障”的相关行业开展会计监督联动检查，现将我市市本级检查工作的有关事项公示如下：　　一、检查对象　　根据省厅要求，我市本级决定选取以下8家单位开展会计监督联动检查：义务教育方面，为市教育局、一中、三中、六中；基本医疗方面，为市卫计委及新农合管理中心；住房安全方面，为市住建委；精准扶贫、精准脱贫方面，为市民委。　　二、检查重点内容和时限　　重点检查《会计法》、行政事业单位会计准则、内部控制规范以及部门预算的执行等情况。包括：会计信息质量的真实性、准确性，是否依法依规设置账簿、开设银行账户、进行会计核算、出具会计报告等；是否按规定开展行政事业单位内部控制制度建设、及时准确上报内部控制报告等；是否认真执行部门预算、有无超预算支出、无预算支出、超标准超范围开支，以及弄虚作假等问题。检查年份为2017年，重大问题可追溯到以前年度。　　三、检查时间　　本次检查自公告之日起，至2018年10月31日前结束。　　欢迎社会各界对上述单位接受检查情况和检查组人员廉洁自律情况进行监督。　　联系电话：72687011　　邮箱：　　特此公示。                            铁岭市财政局    2018年8月15日
160,铁岭市扶贫办关于印发《关于完善县级脱贫攻坚项目库建设的实施意见》的通知,2018/8/14,铁岭日报,http://www.tieling.gov.cn/tieling/gsgg/2022031618431352664/index.html,http://www.tieling.gov.cn//tieling/fileDir/resource/cms/2018/08/img_pc_site/铁岭市扶贫办关于印发《关于完善县级脱贫攻坚项目库建设的实施意见》的通知1.jpg/tieling/fileDir/resource/cms/2018/08/img_pc_site/铁岭市扶贫办关于印发《关于完善县级脱贫攻坚项目库建设的实施意见》的通知2.jpg/tieling/fileDir/resource/cms/2018/08/img_pc_site/铁岭市扶贫办关于印发《关于完善县级脱贫攻坚项目库建设的实施意见》的通知3.jpg/tieling/fileDir/resource/cms/2018/08/img_pc_site/铁岭市扶贫办关于印发《关于完善县级脱贫攻坚项目库建设的实施意见》的通知4.jpg/tieling/fileDir/resource/cms/2018/08/img_pc_site/铁岭市扶贫办关于印发《关于完善县级脱贫攻坚项目库建设的实施意见》的通知5.jpg/tieling/fileDir/resource/cms/2018/08/img_pc_site/铁岭市扶贫办关于印发《关于完善县级脱贫攻坚项目库建设的实施意见》的通知6.jpg
160,铁岭市人民政府办公室关于2018年7月份全市政府网站检查情况的通报,2018/8/3,铁岭日报,http://www.tieling.gov.cn/tieling/gsgg/2022031618434593079/index.html,各县（市）、区人民政府，市直各部门：　　按照国务院办公厅和省政府办公厅的工作部署，市政府办公室组织人员对全市政府网站抽查。现将有关情况通报如下：　　一、政府网站监管情况　　（一）网站抽查情况：7月，省政府办公厅随机抽查80家，占网站总数的11％，未发现不合格网站、总体合格率为100%。　　（二）全市政府网站运行情况较好，我市政府网站名称及域名规范工作有序推进。此外，按照国办统一部署要求，全省各政府网站要添加中国政府网“群众办事百项堵点解行动”第三季链接，各地区、各部门均按要求在规定时限内完成，总体完成率为100%。　　二、近期工作要求　　各地区、各部门要进一步贯彻落实《辽宁省政府网站管理办法》（辽政办发（2017）129号）文件要求，做好政府网站监管及网站规范管理等工作。一是加强政府网站监管工作，建立自查机制，发现问题，及时整改。市政府办公室每月开展检查，通报检查情况，并在市政府门户网站公开；二是做好政府网站名称和域名规范工作，不符合要求的，尽快整改；三是推进政府网站集约化建设，各单位及其内设机构单独开设的业务系统、办事平台，以及县级以下政府网站，要尽快将网站信息和服务整合上移，原则上不再作为单独网站运行；四是加强政府网站域名管理，对已关停政府网站域名及闲置域名要及时按流程予以注销。　　　                        铁岭市人民政府办公室                           2018年8月3日    
160,铁岭河长公示名单,2018/7/9,铁岭日报,http://www.tieling.gov.cn/tieling/gsgg/2022031618421143391/index.html,　　根据《铁岭市实施河长制工作方案》（铁委办发﹝2017﹞29号）要求：“由市公布县、乡级总河长、副总河长和河长人员名单。”铁岭市县、乡两级河长人员于2017年12月28日在铁岭市人民政府网站公示。现今，因工作调整，部分河长人员发生变化，经研究决定，对我市辖区内县、乡两级河长人员公示内容进行更新。                                                                                                                                铁岭市河长制办公室                                                                                                                                   2018年7月10日
160,关于铁岭市政府部门网站域名变更的公告,2018/6/28,铁岭日报,http://www.tieling.gov.cn/tieling/gsgg/2022031618421186823/index.html,　　为进一步加强政府网站集约化建设和域名管理，实现我市政府网站规范化发展，依据《辽宁省政府网站管理办法》（辽政办发[2017]129号）文件规定和铁岭市人民政府办公室《关于开展全市政府网站域名规范化管理的通知》要求，我市开展了市政府部门网站域名规范化管理工作，对域名命名不规范的网站实施调整，现将已变更的市政府各部门网站新域名公告如下：　　市发改委：http://fgw.tieling.gov.cn/　　市经信委：http://jxw.tieling.gov.cn/　　市教育局：http://jyj.tieling.gov.cn/　　市公安局：http://gaj.tieling.gov.cn/　　市国土局：http://gtzyj.tieling.gov.cn/　　市环保局：http://hbj.tieling.gov.cn/　　市住建委：http://zjw.tieling.gov.cn/　　市综合执法局：http://zfj.tieling.gov.cn/　　市水利局：http://slj.tieling.gov.cn/　　市文广新局：http://wgxj.tieling.gov.cn/　　市旅游委：http://lyw.tieling.gov.cn/　　市审计局：http://sjj.tieling.gov.cn/　　市卫计委：http://wjw.tieling.gov.cn/　　市体育局：http://tyj.tieling.gov.cn/　　市食药监局：http://syj.tieling.gov.cn/　　市质监局：http://zjj.tieling.gov.cn/　　市供销社：http://gxs.tieling.gov.cn/　　市人防办：http://rfb.tieling.gov.cn/　　市地震局：http://dzj.tieling.gov.cn/　　市农机局：http://tlnj.tieling.gov.cn/　　市工商局：http://gsj.tieling.gov.cn/　　市规划局：http://ghj.tieling.gov.cn/　　市畜牧局：http://xmj.tieling.gov.cn/　　市投诉中心：http://tlzf12345.tieling.gov.cn/    市公服中心：http://sxzspzx.tieling.gov.cn/    市统计局：http://tjj.tieling.gov.cn/　　　                                                               　                                                铁岭市人民政府办公室　　                                                                                                                   2018年6月28日
160,铁岭市人民政府办公室关于2018年6月份全市政府网站检查情况的通报,2018/6/22,铁岭日报,http://www.tieling.gov.cn/tieling/gsgg/2022031618435053214/index.html,各县（市）、区人民政府，市直各有关部门：　　按照国务院办公厅和省政府办公厅关于政府网站规范化管理和内容建设要求，市政府办公室组织专门人员，对全市政府网站内容保障和内容更新情况进行了监督检查，现将有关情况通报如下：　　一、网站检查情况　　（一）网站存在的问题。一是仍有个别网站存在信息不更新、空白栏目问题。如：市统计局网站，凡河新区网站。二是个别网站运行不稳定，网站中的个别链接无法访问，访问响应时间长情况。如：市科技局网站。　　（二）网友找错情况。全市共受理网友“我为政府网站找错”有效留言8条，其中6条问题属实，办结率100%，无过期情况发生。    （三）链接转发情况。为破解群众办事堵点难点，中国政府网于5月25日启动了“群众办事百项堵点疏解行动”第二季的问题征集活动，面向社会公开征集群众办事堵点难点问题，推动有关部门和地方限时解决。我市41家单位全部在规定时间内进行了转发。　　二、下一步工作要求　　（一）科学合理建设网站栏目。各地区、各部门要规范政府网站建设，加强政府网站内容保障，完善信息发布审核机制。全面梳理优化网站栏目，科学设置栏目，对国办、省政府检查监督的重点栏目设置齐全，对无实质性内容，或与本单位工作职责不相干的栏目要予以撤并，加大信息内容保障力度，切实解决信息更新不及时、空白栏目等问题。完善办事指南，确保指南内容准确无误。　　（二）网站常态化监督检查。各地区、各部门要切实履行网站监管职责，做好网站内容建设和常态化检查工作，要深查细查，不浮于表面，及时发现问题及时整改。对于网友反映的问题虽然已经进行了处理及反馈，但相关工作人员应加强日常管理及运行维护，避免此类事件的再次发生。　　（三）网站名称及域名规范建设。按照省政府网站管理办法中要求，除列明党政机关网站标识、网站标识码、ICP备案编号和公安机关备案标识外还要在网站底部功能区添加网站主办单位、联系方式、站点地图等内容。二级域名生效的单位要登录全国政府网站信息报送系统修改本单位网站地址和栏目地址。并做好网站域名方面的公示工作，公示时间为期1个月。铁岭市人民政府办公室2018年6月22日          
160,铁岭市司法局2018年国家统一法律职业资格考试公告,2018/6/19,铁岭日报,http://www.tieling.gov.cn/tieling/gsgg/2022031618420988027/index.html,"　　2018年国家统一法律职业资格考试定于9月22日，10月20日在全国举行。根据司法部第181号《公告》和辽宁省司法厅[2018]第1号《公告》，现就铁岭市2018年国家统一法律职业资格考试有关事项公告如下：　　一、报名条件　　（一）符合以下条件人员，可以报名参加国家统一法律职业资格考试：　　1.具有中华人民共和国国籍；　　2.拥护中华人民共和国宪法，享有选举权和被选举权；　　3.具有良好的政治、业务素质和道德品行；　　4.具有完全民事行为能力；　　5.具备全日制普通高等学校法学类本科学历并获得学士及以上学位，全日制普通高等学校非法学类本科及以上学历并获得法律硕士、法学硕士及以上学位，全日制普通高等学校非法学类本科及以上学历并获得相应学位且从事法律工作满三年。　　《国家统一法律职业资格考试实施办法》实施前已取得学籍（考籍）或者已取得相应学历的高等学校法学类专业本科及以上学历毕业生，或者高等学校非法学类专业本科及以上学历毕业生并具有法律专业知识的，可以报名参加国家统一法律职业资格考试。　　依据国家有关规定，我省岫岩满族自治县、新宾满族自治县、清原满族自治县、本溪满族自治县、桓仁满族自治县、宽甸满族自治县、阜新蒙古族自治县、喀喇沁左翼蒙古族自治县等8个县，可以将报名学历条件放宽为高等学校本科学历。　　普通高等学校、军队院校2019年全日制应届本科毕业生（包括专升本，下同）和以同等学力报考的应届硕士毕业生可以报名参加2018年国家统一法律职业资格考试。　　持香港、澳门、台湾或者国外高等学校学历学位证书报名的，其学历学位证书须经教育部留学服务中心认证，符合报考学历学位条件的，可以报名参加国家统一法律职业资格考试。　　（二）有下列情形之一的人员，不得报名参加国家统一法律职业资格考试：　　1.因故意犯罪受过刑事处罚的；　　2.曾被开除公职或者曾被吊销律师执业证书、公证员执业证书的；　　3.被吊销法律职业资格证书的；　　4.被给予二年内不得报名参加国家统一法律职业资格考试（国家司法考试）处理期限未满或者被给予终身不得报名参加国家统一法律职业资格考试（国家司法考试）处理的；　　5.因严重失信行为被国家有关单位确定为失信联合惩戒对象并纳入国家信用信息共享平台的；　　6.因其他情形被给予终身禁止从事法律职业处理的。　　有前款规定情形之一的人员，已经办理报名手续的，报名无效；已经参加考试的，考试成绩无效。　　（三）已经通过国家司法考试取得A类法律职业资格证书的，不得报名参加国家统一法律职业资格考试。　　二、客观题考试　　（一）报名方式与时间　　2018年国家统一法律职业资格考试客观题考试实行网上报名，报名时间为6月20日0时至7月4日24时。报名人员应当在规定期限内登录司法部网站（http://www.moj.gov.cn），按照网上报名要求、流程及步骤填报个人信息，逾期不予补报。　　（二）报名材料　　报名人员报名时应当具有以下材料：　　1.有效居民身份证。　　2.毕业证书。　　本人毕业证书应当能够在全国高等学校学生信息咨询与就业指导中心网站查询或认证。　　3.我省岫岩满族自治县、新宾满族自治县、清原满族自治县、本溪满族自治县、桓仁满族自治县、宽甸满族自治县、阜新蒙古族自治县、喀喇沁左翼蒙古族自治县等8个县为国家统一法律职业资格考试放宽报名学历条件地区，以上地区人员网上报名时，须是当地户籍，应上传户口簿首页及本人页电子照片。　　4.电子证件照片　　报名人员应当提供符合规定格式（宽413像素×高626像素）要求的本人近三个月内彩色（红、蓝、白底色均可）正面免冠电子证件照片。照片应当清晰完整，需显示双肩、双耳，露双眉；不得佩戴首饰，不得佩戴粗框眼镜，不得佩戴美瞳（遮挡面部特征会影响考试期间身份检验）；不得上传全身照、风景照、生活照、背带（吊带）衫照、艺术照、侧面照、不规则手机照等。不得对照片内容进行拉伸、美化等PS操作（照片比例与本人真实情况不符、照片美化操作会影响考试期间身份检验）。此照片将作为本人准考证、考试成绩通知单、法律职业资格授予申请表、法律职业资格证书唯一使用照片，请务必妥善保管。　　5.司法行政机关要求的其他材料　　报名人员应当如实、准确填报个人信息，对报名信息作出真实有效承诺，并对其填报材料实质内容的真实性负责。普通高等学校、军队院校2019年全日制应届本科毕业生和以同等学力报考的应届硕士毕业生网上报名时，应当签署《应届毕业生承诺书》。参加高等教育自学考试单科成绩已全部合格人员网上报名时，应当签署《单科成绩已全部合格承诺书》。　　报名人员填报虚假信息或以其它方式骗取报名的，司法行政机关将按照有关规定进行处理。　　（三）考区设置　　我省客观题考试设置沈阳、大连、鞍山、抚顺、本溪、丹东、锦州、营口、阜新、辽阳、铁岭、朝阳、盘锦、葫芦岛14个考区。　　（四）交纳考试费及选择报名地　　根据司法部《关于国家统一法律职业资格考试教务费收费标准的通知》及《2018年国家统一法律职业资格考试公告》（第181号），结合我省实际，辽宁省2018年国家统一法律职业资格考试交纳的客观题考试交费标准为152元/人。上交考试费截止时间为7月9日24时。我省网上支付系统提供银行卡快捷方式和支付宝账号支付服务。　　考生报名采取属地报名，全省统一调剂的原则，当属地报名额满时，可到其他市报名参考。报名人员交纳客观题考试的考试费后，不得更改报名地。　　（五）打印准考证　　报名人员经司法行政机关审核，符合报考条件的，准予核发准考证。报名人员可于9月12日至9月21日登录司法部网站自行下载打印准考证。　　（六）考试内容与科目　　国家统一法律职业资格考试实行全国统一命题。司法部制定并公布的《2018年国家统一法律职业资格考试大纲》作为命题依据。　　2018年国家统一法律职业资格考试客观题考试共两卷。分为试卷一、试卷二，每张试卷100道试题，分值为150分，其中单项选择题50题、每题1分，多项选择题和不定项选择题共50题、每题2分，两张试卷总分为300分。具体考查科目为：　　试卷一：中国特色社会主义法治理论、法理学、宪法、中国法律史、国际法、司法制度和法律职业道德、刑法、刑事诉讼法、行政法与行政诉讼法　　试卷二：民法、知识产权法、商法、经济法、环境资源法、劳动与社会保障法、国际私法、国际经济法、民事诉讼法（含仲裁制度）　　（七）考试时间与方式　　2018年国家统一法律职业资格考试客观题考试时间为9月22日。具体为：　　试卷一：9月22日8：30—11：30，考试时间180分钟。　　试卷二：9月22日14：00—17：00，考试时间180分钟。　　2018年国家统一法律职业资格考试客观题考试实行闭卷、计算机化考试方式，试题、答题要求和答题界面均在计算机显示屏上显示，应试人员应当使用计算机鼠标或键盘在计算机答题界面上直接作答。　　（八）合格分数线　　国家统一法律职业资格考试客观题考试实行全国统一计算机评卷。　　根据《国家统一法律职业资格考试实施办法》，2018年国家统一法律职业资格考试客观题考试合格分数线由司法部商最高人民法院、最高人民检察院等有关部门确定。9月27日，由司法部公布客观题考试成绩及合格分数线，应试人员可在司法部网站自行打印考试成绩通知单。　　客观题考试合格成绩在本年度和下一个考试年度内有效。　　三、主观题考试　　（一）报名与交费　　参加2018年国家统一法律职业资格考试客观题考试成绩合格人员，可以报名参加主观题考试。　　主观题考试的报名和交费时间为9月27日0时至9月30日24时。我省主观题交纳考试费标准为95元。应试人员应当在客观题考试成绩公布之日起4日内登录司法部网站确认参加主观题考试并交纳考试费。逾期未确认并交费的，不予补报。　　（二）考区设置　　我省主观题考试设置沈阳、大连、锦州三个考区；在其他考区通过客观题的考生，请按照以下对应关系到沈阳、大连、锦州三个考区参加主观题考试。　　沈阳考区：沈阳、鞍山、抚顺、本溪、丹东、辽阳、营口、铁岭；　　大连考区：大连；　　锦州考区：锦州、阜新、盘锦、朝阳、葫芦岛。　　（三）打印准考证　　参加主观题考试人员，可于10月15日至10月19日登录司法部网站自行下载打印准考证。　　（四）考试内容与科目　　主观题考试为一卷，包括案例分析题、法律文书题、论述题等题型，分值为180分。具体考查科目为：　　中国特色社会主义法治理论、法理学、宪法、刑法、刑事诉讼法、民法、商法、民事诉讼法（含仲裁制度）、行政法与行政诉讼法、司法制度和法律职业道德。　　（五）考试时间与方式　　2018年国家统一法律职业资格考试主观题考试时间为10月20日。　　主观题试卷：8：30—12：30，考试时间240分钟。　　2018年国家统一法律职业资格考试主观题考试我省采取纸笔考试方式，应试人员应当在答题纸上作答。　　主观题考试由司法行政机关为应试人员统一配发法律法规。主观题考试设置选作题的，应试人员可选择其一作答。　　（六）合格分数线　　国家统一法律职业资格考试主观题考试实行全国统一评卷。　　根据《国家统一法律职业资格考试实施办法》，主观题考试合格分数线由司法部商最高人民法院、最高人民检察院等有关部门确定。司法部于2018年11月底公布主观题考试成绩及合格分数线，应试人员可在司法部网站自行打印考试成绩通知单。　　香港、澳门、台湾居民报名参加国家统一法律职业资格考试有关事宜，可参照司法部国家统一法律职业资格考试公告。　　四、资格审核授予　　参加国家统一法律职业资格考试客观题考试和主观题考试成绩合格，经审核符合资格授予条件的人员，由司法部授予法律职业资格，颁发法律职业资格证书。具体事宜由司法部法律职业资格管理部门另行通知并向社会公告。　　普通高等学校、军队院校2019年全日制应届本科毕业生和以同等学力报考的应届硕士毕业生参加2018年国家统一法律职业资格考试客观题考试和主观题考试成绩合格，应于2019年7月31日前，持2018年国家统一法律职业资格考试成绩通知单和毕业证书向司法行政机关申请授予法律职业资格。　　法律职业资格证书的适用范围及管理，按司法部和最高人民法院、最高人民检察院等部门的有关规定执行。　　五、注意事项　　（一）客观题考试和主观题考试分别进行在线缴费，客观题成绩发布后可登陆司法部报名网站进行主观题考试缴费确认。　　（二）客观题考试和主观题考试需要分别打印准考证。　　（三）考生进入机考考场进行现场签到拍照。签到拍照使用机考考场提供的电脑完成。数据自动回传至考试安全平台，进行人像识别比对。　　（四）照片存在以下情况将不能通过审核：　　1.明显严重拉伸变形的照片、非正面拍摄的照片。　　2.照片头部比例过大、无双肩的照片、头部比例过小、超过半身的照片。　　3.使用低画质器材拍摄的模糊照片、明显翻拍照片造成模糊不清晰的照片、背景复杂的生活照。　　4.着装不庄重、不得体的照片和有佩戴明显首饰的照片及眼镜遮挡眼球的照片。　　（五）考生可登录司法部官网进行报名，阅读公告后，可选择报名地，如报名地对应考区机位数已满，会提示考生更换报名地。　　（六）今年报名系统新增锁定机位功能。照片审核通过后，考生点击交费按钮，若考区机位充足则允许交费，若机位不足则提示更换报名地。开始交费即占用并锁定机位，锁定时间为1小时。超出1小时，考生未能交费成功，则机位释放。考生重新交费时将重新计算是否有空余机位。　　六、其他事宜　　（一）香港、澳门、台湾居民报名考试事项，报名人员可登录司法部网站查询。　　（二）符合条件的报名人员，因不具备网络通讯条件或无法自行操作等原因不能完成网上报名或自行打印准考证的，可在规定期限内到我省报名地司法行政机关办理。　　（三）符合条件的现役军人报考国家统一法律职业资格考试，应当通过司法部网站进行网上报名、交纳考试费、下载打印准考证，并到地方司法行政机关设置的考区参加考试。现役军人报名参加考试的其他事宜，按照司法部和中央军委政法委员会有关通知要求办理。　　（四）报名人员可选择使用蒙古文、藏文、维吾尔文、哈萨克文、朝鲜文五种少数民族语言文字试卷参加考试。内蒙古自治区设蒙古文考点考场，西藏自治区、青海省设藏文考点考场，新疆维吾尔自治区设蒙古文、维吾尔文、哈萨克文考点考场，吉林省设朝鲜文考点考场。　　香港、澳门和台湾居民可以自行选择使用简体汉字或者繁体汉字填报本人信息和答题。　　（五）2018年国家统一法律职业资格考试不公布试题及参考答案。主观题考试成绩公布后，应试人员如对考试成绩有异议的，可自考试成绩公布之日起15日内，向报名地司法行政机关提出分数核查的书面申请。　　（六）司法部制定并公布的《2018年国家统一法律职业资格考试大纲》可作为应试人员备考依据。我省司法行政机关不举办考前培训班，也不委托任何单位进行2018年国家统一法律职业资格考试考前培训辅导。　　关于2018年国家统一法律职业资格考试的其他事宜，应试人员可登录司法部网站查询或向司法部或报考地司法行政机关咨询。　　司法部机考模拟系统已经上线，请登录：http://www.moj.gov.cn/news/content/2018-06/08/zlk_20543.html　　（七）咨询服务方式　　凡涉及铁岭市国家统一法律职业资格考试政策事项，可向辽宁省司法考试办公室和铁岭市国家司法考试办公室电话咨询：　　省司法考试办公室：024-31966113　　铁岭市司法考试办公室：024-72683368　　咨询时间：每天上午8:30—11:30,下午13:00——16:30。　　　　凡涉及网上支付考务费问题，可拨打支付宝(中国)网络技术有限公司咨询电话：0571-88158090；88156688。　　　　铁岭市司法局　　2018年6月16日"
160,省发展改革委 省财政厅关于印发加快突破辽西北发展项目和资金管理暂行办法的通知,2018/6/19,铁岭日报,http://www.tieling.gov.cn/tieling/gsgg/2022031618420541015/index.html,http://www.tieling.gov.cn/
160,关于下达2018年度中央第二批 财政专项扶贫发展资金的通知,2018/6/11,铁岭日报,http://www.tieling.gov.cn/tieling/gsgg/2022031618425439321/index.html,http://www.tieling.gov.cn//tieling/fileDir/resource/cms/2018/08/img_pc_site/关于下达2018年度中央第二批 财政专项扶贫发展资金的通知1.jpg/tieling/fileDir/resource/cms/2018/08/img_pc_site/关于下达2018年度中央第二批 财政专项扶贫发展资金的通知2.jpg/tieling/fileDir/resource/cms/2018/08/img_pc_site/关于下达2018年度中央第二批 财政专项扶贫发展资金的通知3.jpg
160,关于下达2018年中央财政第二批专项扶贫发展资金计划的通知,2018/5/31,铁岭日报,http://www.tieling.gov.cn/tieling/gsgg/2022031618430174109/index.html,http://www.tieling.gov.cn//tieling/fileDir/resource/cms/2018/08/img_pc_site/关于下达2018年中央财政第二批专项扶贫发展资金计划的通知1.jpg/tieling/fileDir/resource/cms/2018/08/img_pc_site/关于下达2018年中央财政第二批专项扶贫发展资金计划的通知2.jpg/tieling/fileDir/resource/cms/2018/08/img_pc_site/关于下达2018年中央财政第二批专项扶贫发展资金计划的通知3.jpg/tieling/fileDir/resource/cms/2018/08/img_pc_site/关于下达2018年中央财政第二批专项扶贫发展资金计划的通知4.jpg
160,铁岭市人民政府办公室关于2018年5月份全市政府网站检查情况的通报,2018/5/31,铁岭日报,http://www.tieling.gov.cn/tieling/gsgg/2022031618434193220/index.html,各县（市）、区人民政府，市直各部门：　　按照国务院办公厅和省政府办公厅对政府网站工作的部署，市政府办公室组织人员对全市网站进行抽查，现将有关情况通报如下：　　一、政府网站抽查情况　　我市部分政府网站存在更新不及时、空白栏目、办事指南要素缺失、链接无法打开、名称域名不规范等较突出问题。一是“铁岭市食品药品监督管理局”网存在多个空自栏目。二是“铁岭市地震局”网等网站域名仍以“.com”或“.cn”为后缀。省政府办公厅采用技术与人工相结合的方式，随机抽查政府网站发现不合格网站2家，我市公共行政服务中心网站存在15个空白栏目。　　二、近期工作要求　　根据国办通报及省厅通报精神，结合我市当前网站监管工作实际，对近期工作提出如下要求：一是针对我市2家网站被省政府办公厅通报情况，市政府办公室责成被通报单位立即作出整改，形成书面材料报市政府办公室，并约谈网站单位责任人。二是按照《辽宁省政府网站管理办法》相关规定，严格审核政府网站下线申请，逐级审批，报市政府办公室报备后，报省政府办公厅批准后，方可启动，不得出现“先建设，后审批，先下线，后申请”等问题。三是已申请下线的政府网站，要及时向相关管理部门注销注册标识、证书信息（如1CP备案编号、党政机关网站标识、公安机关备案标识等）和域名，并通过全国政府网站信息报送系统向报告网站变更状态。                        铁岭市人民政府办公室                            2018年5月31日    
160,铁岭市人民政府办公室关于2018年4月份全市政府网站检查情况的通报,2018/5/10,铁岭日报,http://www.tieling.gov.cn/tieling/gsgg/2022031618433946011/index.html,"各县（市）、区人民政府，市直各部门：　　按照国务院办公厅和省政府办公室的工作要求，市政府办公室组织人员对全市政府网站开展抽查，现将有关情况通报如下：　　一、政府网站监管情况　　（一）省政府办公厅抽查情况：4月，省政府办公厅随机抽查85家，未发现不合格网站，总体合格率为100％。　　（二）市政府办公室抽查情况：全市已开展网站名称及域名规范工作，但个别单位部门进展较慢，如：铁岭市12345市长服务热线。个别网站处于不合格网站判定条件的边缘，存在更新不及时空白栏目、办事指南要素缺失、链接无法打开等较突出问题，如：铁岭市12345市长服务热线多个栏目空白,4类办事指南要素缺失。　　（三）网友找错情况：全市共受理“我为政府网站找错”有效留言2条，留言总体办结率为100％。　　按照省政府办公厅统一部署要求，全省各级政府网站要添加群众办事百项墙点疏解行动”链接，我市工作部署落实到位，完成情况较好。　　二、近期工作要求　　市政府办公室将继续按照省政府办公厅统一工作部署，做好全市政府网站监管及网站管理工作，近期安排如下：一是市政府办公室继续加强全市政府网站监管，加大检查力度和深度，每月开展检查并将检查结果在市政府门户网站予以公开。二是各县区、各部门要按照《辽宁省政府网站管理办法》文件要求，做好政府网站名称和域名规范工作，此项工作于5月25日前完成。                       铁岭市人民政府办公室                           2018年5月10日    "
160,关于下达2018年度市本级财政专项扶贫发展资金的通知,2018/4/28,铁岭日报,http://www.tieling.gov.cn/tieling/gsgg/2022031618424266892/index.html,http://www.tieling.gov.cn//tieling/fileDir/resource/cms/2018/08/img_pc_site/关于下达2018年度市本级财政专项扶贫发展资金的通知1.jpg/tieling/fileDir/resource/cms/2018/08/img_pc_site/关于下达2018年度市本级财政专项扶贫发展资金的通知2.jpg/tieling/gsgg/2022031618424266892/关于下达2018年度市本级财政专项扶贫发展资金的通知3(1).jpg
160,产业铁岭市2018年产业精准脱贫实施方案,2018/4/8,铁岭日报,http://www.tieling.gov.cn/tieling/gsgg/2022031618421710562/index.html,http://www.tieling.gov.cn//tieling/fileDir/resource/cms/2018/08/img_pc_site/产业(1)(2)(3).jpg/tieling/fileDir/resource/cms/2018/08/img_pc_site/产业1(1)(2).jpg/tieling/fileDir/resource/cms/2018/08/img_pc_site/产业2(1)(2).jpg/tieling/fileDir/resource/cms/2018/08/img_pc_site/产业3(1)(2).jpg/tieling/gsgg/2022031618421710562/产业4(1)(2).jpg/tieling/fileDir/resource/cms/2018/08/img_pc_site/产业5(1)(2).jpg/tieling/fileDir/resource/cms/2018/08/img_pc_site/产业6(1)(2).jpg
160,关于印发2018年净赚健康医疗扶贫实施方案的通知,2018/4/4,铁岭日报,http://www.tieling.gov.cn/tieling/gsgg/2022031618423227469/index.html,http://www.tieling.gov.cn//tieling/fileDir/resource/cms/2018/08/img_pc_site/关于印发2018年净赚健康医疗扶贫实施方案的通知.jpg/tieling/fileDir/resource/cms/2018/08/img_pc_site/关于印发2018年净赚健康医疗扶贫实施方案的通知1.jpg/tieling/gsgg/2022031618423227469/关于印发2018年净赚健康医疗扶贫实施方案的通知2.jpg/tieling/fileDir/resource/cms/2018/08/img_pc_site/关于印发2018年净赚健康医疗扶贫实施方案的通知3.jpg/tieling/fileDir/resource/cms/2018/08/img_pc_site/关于印发2018年净赚健康医疗扶贫实施方案的通知4.jpg/tieling/fileDir/resource/cms/2018/08/img_pc_site/关于印发2018年净赚健康医疗扶贫实施方案的通知5.jpg/tieling/fileDir/resource/cms/2018/08/img_pc_site/关于印发2018年净赚健康医疗扶贫实施方案的通知6.jpg/tieling/fileDir/resource/cms/2018/08/img_pc_site/关于印发2018年净赚健康医疗扶贫实施方案的通知7.jpg
160,印发《铁岭市2018年就业扶贫工作实施方案》的通知,2018/4/3,铁岭日报,http://www.tieling.gov.cn/tieling/gsgg/2022031618423663996/index.html,http://www.tieling.gov.cn//tieling/fileDir/resource/cms/2018/08/img_pc_site/1(1)(2)(3)(4)(5).jpg/tieling/fileDir/resource/cms/2018/08/img_pc_site/2(1)(2)(3)(4)(5).jpg/tieling/fileDir/resource/cms/2018/08/img_pc_site/3(1).jpg/tieling/fileDir/resource/cms/2018/08/img_pc_site/4(1)(2).jpg/tieling/fileDir/resource/cms/2018/08/img_pc_site/5.jpg/tieling/fileDir/resource/cms/2018/08/img_pc_site/6(1).jpg/tieling/fileDir/resource/cms/2018/08/img_pc_site/7.jpg/tieling/fileDir/resource/cms/2018/08/img_pc_site/8.jpg/tieling/fileDir/resource/cms/2018/08/img_pc_site/9.jpg/tieling/fileDir/resource/cms/2018/08/img_pc_site/10.jpg/tieling/fileDir/resource/cms/2018/08/img_pc_site/11(1).jpg/tieling/fileDir/resource/cms/2018/08/img_pc_site/12(1).jpg/tieling/fileDir/resource/cms/2018/08/img_pc_site/13.jpg/tieling/fileDir/resource/cms/2018/08/img_pc_site/14.jpg
160,关于充分发挥民政部门在脱贫攻坚中兜底保障作用实施方案,2018/3/29,铁岭日报,http://www.tieling.gov.cn/tieling/gsgg/2022031618422328581/index.html,http://www.tieling.gov.cn//tieling/fileDir/resource/cms/2018/08/img_pc_site/关于充分发挥民政部门在脱贫攻坚中兜底保障作用实施方案1.jpg/tieling/fileDir/resource/cms/2018/08/img_pc_site/关于充分发挥民政部门在脱贫攻坚中兜底保障作用实施方案2.jpg/tieling/fileDir/resource/cms/2018/08/img_pc_site/关于充分发挥民政部门在脱贫攻坚中兜底保障作用实施方案3.jpg/tieling/fileDir/resource/cms/2018/08/img_pc_site/关于充分发挥民政部门在脱贫攻坚中兜底保障作用实施方案4.jpg/tieling/fileDir/resource/cms/2018/08/img_pc_site/关于充分发挥民政部门在脱贫攻坚中兜底保障作用实施方案5.jpg
160,关于下达2018年度省级财政专项扶贫发展资金的通知,2018/3/26,铁岭日报,http://www.tieling.gov.cn/tieling/gsgg/2022031618425851824/index.html,http://www.tieling.gov.cn//tieling/fileDir/resource/cms/2018/08/img_pc_site/关于下达2018年度省级财政专项扶贫发展资金的通知1.jpg/tieling/fileDir/resource/cms/2018/08/img_pc_site/关于下达2018年度省级财政专项扶贫发展资金的通知2.jpg/tieling/fileDir/resource/cms/2018/08/img_pc_site/关于下达2018年度省级财政专项扶贫发展资金的通知3.jpg
160,关于提前做好2018年农村危房改造脱贫攻坚工作的通知,2018/3/23,铁岭日报,http://www.tieling.gov.cn/tieling/gsgg/2022031618422967519/index.html,http://www.tieling.gov.cn//tieling/fileDir/resource/cms/2018/08/img_pc_site/关于提前做好2018年农村危房改造脱贫攻坚工作的通知.jpg/tieling/fileDir/resource/cms/2018/08/img_pc_site/关于提前做好2018年农村危房改造脱贫攻坚工作的通知1.jpg
160,铁岭市人民政府办公室关于2018年3月份全市政府网站检查情况的通报,2018/3/23,铁岭日报,http://www.tieling.gov.cn/tieling/gsgg/2022031618433950068/index.html,各县（市）、区人民政府，市直各部门：　　按照国务院办公厅和省政府办公厅的工作部署，市政府办公室组织人员对全市政府网站进行抽查，现将有关情况通报如下：　　一、政府网站监管情况　　（一）省政府办公厅抽查情况：发现我市85.7％的网站未按要求在全国政府网站信息报送系统填报公开网址。　　（二）全市政府网站运行情况较好，未发现问题网站。网友找错情况：截至目前，全市共受理“我为政府网站找错”有效留言6条，留言总体办结率为100％。　　（三）整改问责情况：针对我市政府网站未按要求在全国政府网站信息报送系统填报公开网址问题，责成相关单位部门，立即作出整改，并将整改情况报市政府办公室。　　二、近期工作要求　　一是抓紧按照《辽宁省政府网站管理办法》文件要求，开展网站名称和域名规范工作。二是在网站底部功能区列明党政机关网站标识、网站标识码、ICP备案编号和公安机关备案标识。　　　　铁岭市人民政府办公室　　2018年3月23日
160,铁岭市人民政府办公室关于2018年2月份全市政府网站检查情况的通报,2018/3/9,铁岭日报,http://www.tieling.gov.cn/tieling/gsgg/2022031618433935339/index.html,各县（市）、区人民政府，市直各部门：　　按照国务院办公厅和省政府办公厅的工作部署，市政府办公室组织人员对全市政府网站进行抽查，现将有关情况通报如下：　　一、政府网站监管情况　　市政府办公室抽查情况：我市部分政府网站存在个别考察点被扣分的情形，主要是内容更新不及时，多个栏目空白，有效服务欠缺，短时间无法访问等问题。如：市人防办、高新区网站、市经信委。　　二、近期工作要求　　（一）加强政府网站常态化监督检查。市政府办公室将不定期对全市政府网站进行抽查，抽查情况全市通报，并在市政府门户网站予以公开，并约谈网站单位责任人。　　（二）建立政府网站常态化监督机制。各地区、各部门要建立政府网站常态化监督机制，要保证专人或专职负责网站日常读网及网站功能情况的自查，发现问题，及时整改，确保网站长期达标。　　                      铁岭市人民政府办公室                          2018年3月9日 
160,辽宁省扶贫办关于提前下达2018年中央财政专项扶贫资金计划的通知,2018/3/7,铁岭日报,http://www.tieling.gov.cn/tieling/gsgg/2022031618431056197/index.html,http://www.tieling.gov.cn//tieling/fileDir/resource/cms/2018/08/img_pc_site/i辽宁省扶贫办关于提前下达2018年中央财政专项扶贫资金计划的通知1.jpg/tieling/fileDir/resource/cms/2018/08/img_pc_site/辽宁省扶贫办关于提前下达2018年中央财政专项扶贫资金计划的通知2.jpg/tieling/fileDir/resource/cms/2018/08/img_pc_site/辽宁省扶贫办关于提前下达2018年中央财政专项扶贫资金计划的通知3.jpg
160,辽宁省扶贫办关于下达省财政专项扶贫发展资金计划的通知,2018/3/7,铁岭日报,http://www.tieling.gov.cn/tieling/gsgg/2022031618430479961/index.html,http://www.tieling.gov.cn//tieling/fileDir/resource/cms/2018/08/img_pc_site/辽宁省扶贫办关于下达省财政专项扶贫发展资金计划的通知1(1)(2).jpg/tieling/fileDir/resource/cms/2018/08/img_pc_site/辽宁省扶贫办关于下达省财政专项扶贫发展资金计划的通知2(1)(2).jpg/tieling/fileDir/resource/cms/2018/08/img_pc_site/辽宁省扶贫办关于下达省财政专项扶贫发展资金计划的通知3(1)(2).jpg/tieling/fileDir/resource/cms/2018/08/img_pc_site/辽宁省扶贫办关于下达省财政专项扶贫发展资金计划的通知4(1)(2).jpg/tieling/fileDir/resource/cms/2018/08/img_pc_site/辽宁省扶贫办关于下达省财政专项扶贫发展资金计划的通知5(1)(2).jpg
160,辽宁省扶贫办关于下达省财政专项扶贫发展资金计划的通知,2018/3/7,铁岭日报,http://www.tieling.gov.cn/tieling/gsgg/2022031618421754547/index.html,http://www.tieling.gov.cn//tieling/fileDir/resource/cms/2018/08/img_pc_site/辽宁省扶贫办关于下达省财政专项扶贫发展资金计划的通知1(1).jpg/tieling/fileDir/resource/cms/2018/08/img_pc_site/辽宁省扶贫办关于下达省财政专项扶贫发展资金计划的通知2(1).jpg/tieling/fileDir/resource/cms/2018/08/img_pc_site/辽宁省扶贫办关于下达省财政专项扶贫发展资金计划的通知3(1).jpg/tieling/fileDir/resource/cms/2018/08/img_pc_site/辽宁省扶贫办关于下达省财政专项扶贫发展资金计划的通知4(1).jpg/tieling/fileDir/resource/cms/2018/08/img_pc_site/辽宁省扶贫办关于下达省财政专项扶贫发展资金计划的通知5(1).jpg
160,关于印发《铁岭市教育局2018年教育脱贫攻坚工作实施方案》的通知,2018/2/27,铁岭日报,http://www.tieling.gov.cn/tieling/gsgg/2022031618422922224/index.html,http://www.tieling.gov.cn//tieling/fileDir/resource/cms/2018/08/img_pc_site/关于印发《铁岭市教育局2018年教育脱贫攻坚工作实施方案》的通知1.jpg/tieling/fileDir/resource/cms/2018/08/img_pc_site/关于印发《铁岭市教育局2018年教育脱贫攻坚工作实施方案》的通知2.jpg/tieling/fileDir/resource/cms/2018/08/img_pc_site/关于印发《铁岭市教育局2018年教育脱贫攻坚工作实施方案》的通知3.jpg/tieling/fileDir/resource/cms/2018/08/img_pc_site/关于印发《铁岭市教育局2018年教育脱贫攻坚工作实施方案》的通知4.jpg/tieling/fileDir/resource/cms/2018/08/img_pc_site/关于印发《铁岭市教育局2018年教育脱贫攻坚工作实施方案》的通知5.jpg/tieling/fileDir/resource/cms/2018/08/img_pc_site/关于印发《铁岭市教育局2018年教育脱贫攻坚工作实施方案》的通知6.jpg/tieling/fileDir/resource/cms/2018/08/img_pc_site/关于印发《铁岭市教育局2018年教育脱贫攻坚工作实施方案》的通知7.jpg
160,铁岭市人民政府办公室关于2018年1月份全市政府网站检查情况的通报,2018/2/13,铁岭日报,http://www.tieling.gov.cn/tieling/gsgg/2022031618433647825/index.html,各县（市）、区人民政府，市直各部门：　　按照国务院办公厅和省政府办公厅对政府网站工作的要求，市政府办公室组织人员对全市政府网站进行抽查，现将有关情况通报如下：　　一、网站抽查情况　　省政府办公厅抽查情况：我市开展了《政府网站监管年度报表》和《政府网站工作年度报表》填报及发布工作，部分网站未按要求完成填报工作被省政府办公厅通报。　　市政府办公室抽查情况：一是部分政府网站城名及相关标识未按《政府网站发展指引》要求规范，网站未列明党政机关网站标识、网站标识码、ICP备案编号和公安机关备案标识；二是一些网站未能规范添加“我为政府网站找错”监督举报平台入口，如：市农委网站。三是部分网站存在个别考察点被扣分的情形，主要是内容更新不及时，多个栏目空白，短时间无法访问等问题。　　二、近期工作要求　　市政府办公室将按照省政府办公厅要求，进一步加强对全市政府网站监管工作，加大检查力度，每月开展检查并将通报情况在市政府门户网站予以公开。开展全市政府网站域名规范工作，按照《辽宁省政府网站管理办法》第十七条规定，抓紧开展网站域名规范工作，特别是仍以“.com”为后缀的要立即更改。未在底部功能区列明党政机关网站识、网站标识码、1CP备案编号和公安机关备案标识的，要立即添加。针对我市部分网站未按要求完成《政府网站工作年度报表》填报及发布工作被通报问题，责成相关单位形成文字材料报市政府办公室，并约谈网站单位责任人。                    铁岭市人民政府办公室                        2018年2月13日    
160,铁岭市脱贫攻坚领导小组关于印发2018年脱贫攻坚主要工作目标任务分解方案的通知,2018/1/24,铁岭日报,http://www.tieling.gov.cn/tieling/gsgg/2022031618431964492/index.html,http://www.tieling.gov.cn//tieling/fileDir/resource/cms/2018/08/img_pc_site/铁岭市脱贫攻坚领导小组关于印发2018年脱贫攻坚主要工作目标任务分解方案的通知.jpg/tieling/fileDir/resource/cms/2018/08/img_pc_site/铁岭市脱贫攻坚领导小组关于印发2018年脱贫攻坚主要工作目标任务分解方案的通知1.jpg/tieling/fileDir/resource/cms/2018/08/img_pc_site/铁岭市脱贫攻坚领导小组关于印发2018年脱贫攻坚主要工作目标任务分解方案的通知2.jpg/tieling/fileDir/resource/cms/2018/08/img_pc_site/铁岭市脱贫攻坚领导小组关于印发2018年脱贫攻坚主要工作目标任务分解方案的通知3.jpg/tieling/fileDir/resource/cms/2018/08/img_pc_site/铁岭市脱贫攻坚领导小组关于印发2018年脱贫攻坚主要工作目标任务分解方案的通知4.jpg/tieling/fileDir/resource/cms/2018/08/img_pc_site/铁岭市脱贫攻坚领导小组关于印发2018年脱贫攻坚主要工作目标任务分解方案的通知5.jpg/tieling/fileDir/resource/cms/2018/08/img_pc_site/铁岭市脱贫攻坚领导小组关于印发2018年脱贫攻坚主要工作目标任务分解方案的通知6.jpg/tieling/fileDir/resource/cms/2018/08/img_pc_site/铁岭市脱贫攻坚领导小组关于印发2018年脱贫攻坚主要工作目标任务分解方案的通知7.jpg
160,关于转发《辽宁省扶贫开发项目及财政专项扶贫发展资金监督管理办法》的通知,2018/1/4,铁岭日报,http://www.tieling.gov.cn/tieling/gsgg/2022031618424667926/index.html,http://www.tieling.gov.cn//tieling/fileDir/resource/cms/2018/08/img_pc_site/关于转发《辽宁省扶贫开发项目及财政专项扶贫发展资金监督管理办法》的通知1.jpg/tieling/fileDir/resource/cms/2018/08/img_pc_site/关于转发《辽宁省扶贫开发项目及财政专项扶贫发展资金监督管理办法》的通知2.jpg/tieling/fileDir/resource/cms/2018/08/img_pc_site/关于转发《辽宁省扶贫开发项目及财政专项扶贫发展资金监督管理办法》的通知3.jpg/tieling/fileDir/resource/cms/2018/08/img_pc_site/关于转发《辽宁省扶贫开发项目及财政专项扶贫发展资金监督管理办法》的通知4.jpg/tieling/fileDir/resource/cms/2018/08/img_pc_site/关于转发《辽宁省扶贫开发项目及财政专项扶贫发展资金监督管理办法》的通知5.jpg/tieling/fileDir/resource/cms/2018/08/img_pc_site/关于转发《辽宁省扶贫开发项目及财政专项扶贫发展资金监督管理办法》的通知6.jpg/tieling/fileDir/resource/cms/2018/08/img_pc_site/关于转发《辽宁省扶贫开发项目及财政专项扶贫发展资金监督管理办法》的通知7.jpg
